Date,Open,High,Low,Close
1-January-2020,15699.53,15734.92,15674.02,15694.44
2-January-2020,15713.68,15845.01,15710.36,15838.69
3-January-2020,15844.88,15845.26,15734.58,15777.51
6-January-2020,15749.73,15749.73,15443.81,15466.47
7-January-2020,15571.04,15683.38,15498.57,15554.84
8-January-2020,15457.27,15546.36,15399.68,15539.30
9-January-2020,15674.88,15790.40,15669.33,15779.59
10-January-2020,15821.04,15906.74,15787.22,15835.35
13-January-2020,15893.59,15947.84,15877.82,15942.11
14-January-2020,15960.58,16008.04,15927.62,15996.72
15-January-2020,16004.86,16028.28,15928.35,16014.80
16-January-2020,16044.43,16087.25,16000.60,16048.77
17-January-2020,16046.25,16097.26,16015.50,16062.95
20-January-2020,16156.88,16158.41,15914.48,15921.29
21-January-2020,15912.32,15934.19,15850.53,15860.72
22-January-2020,15903.81,15931.72,15781.60,15796.54
23-January-2020,15821.60,15926.47,15795.69,15917.63
24-January-2020,15920.97,16044.67,15886.17,16013.34
27-January-2020,15987.11,16005.05,15866.84,15879.53
28-January-2020,15929.33,15944.21,15771.20,15806.64
29-January-2020,15865.07,15939.11,15864.68,15891.90
30-January-2020,15946.43,15946.43,15722.17,15747.03
31-January-2020,15825.83,15827.29,15633.01,15649.81
1-February-2020,15665.87,15741.15,15211.70,15248.38
3-February-2020,15255.50,15369.03,15179.74,15319.69
4-February-2020,15424.85,15646.03,15409.89,15635.88
5-February-2020,15691.10,15800.42,15628.17,15792.95
6-February-2020,15825.77,15906.62,15796.03,15875.09
7-February-2020,15911.04,15911.04,15829.39,15866.56
10-February-2020,15887.39,15888.51,15735.75,15779.84
11-February-2020,15847.47,15934.45,15832.25,15841.41
12-February-2020,15885.99,15972.37,15885.44,15921.17
13-February-2020,15964.80,15964.80,15850.36,15890.91
14-February-2020,15908.91,15977.95,15780.35,15797.63
17-February-2020,15832.24,15842.78,15677.00,15684.42
18-February-2020,15683.89,15683.94,15493.62,15614.26
19-February-2020,15695.64,15817.09,15691.11,15808.75
20-February-2020,15824.05,15881.67,15776.10,15787.45
24-February-2020,15753.21,15753.21,15448.28,15469.29
25-February-2020,15523.90,15554.50,15398.80,15418.71
26-February-2020,15390.40,15401.25,15215.92,15256.99
27-February-2020,15279.51,15279.51,15056.34,15183.85
28-February-2020,14956.79,14956.79,14597.05,14627.62
2-March-2020,14845.25,14947.11,14431.73,14549.71
3-March-2020,14668.11,14815.09,14583.22,14783.59
4-March-2020,14823.38,14841.78,14465.68,14676.22
5-March-2020,14743.71,14844.79,14665.42,14706.49
6-March-2020,14385.68,14402.51,14152.61,14355.82
9-March-2020,14158.87,14158.87,13502.43,13668.30
11-March-2020,13642.29,13794.30,13560.32,13652.78
12-March-2020,13229.61,13229.61,12423.79,12517.50
13-March-2020,11965.70,13147.48,11276.70,12941.75
16-March-2020,12631.10,12631.10,11986.94,12024.19
17-March-2020,12080.24,12274.09,11700.71,11755.59
18-March-2020,11901.21,11950.52,11048.76,11115.68
19-March-2020,10738.85,11155.70,10283.44,10783.16
20-March-2020,10855.29,11521.48,10692.85,11359.42
23-March-2020,10630.52,10630.52,9870.16,9896.25
24-March-2020,10235.38,10374.25,9758.33,10100.10
25-March-2020,10031.31,10724.62,9985.80,10666.93
26-March-2020,10847.73,11238.79,10677.25,11148.36
27-March-2020,11420.04,11596.28,10951.46,11106.47
30-March-2020,10948.05,11014.70,10663.76,10714.78
31-March-2020,10986.32,11170.57,10803.18,11098.23
1-April-2020,11126.44,11126.46,10663.05,10728.88
3-April-2020,10835.81,10840.01,10498.79,10527.29
7-April-2020,10944.72,11369.74,10856.13,11346.44
8-April-2020,11271.29,11801.51,11209.13,11364.04
9-April-2020,11593.12,11824.18,11578.69,11805.03
13-April-2020,11853.47,11853.47,11549.76,11674.41
15-April-2020,11865.57,12028.91,11582.70,11652.15
16-April-2020,11586.49,11823.81,11537.23,11767.70
17-April-2020,12115.38,12149.19,11886.74,12086.46
20-April-2020,12254.02,12254.55,12066.18,12087.06
21-April-2020,11856.18,11856.18,11661.01,11732.56
22-April-2020,11800.44,11973.76,11669.58,11957.12
23-April-2020,12060.67,12149.76,11968.02,12103.17
24-April-2020,11983.98,12063.50,11883.27,11895.45
27-April-2020,12024.15,12155.70,12021.86,12070.36
28-April-2020,12196.09,12211.50,12041.87,12179.22
29-April-2020,12259.93,12424.27,12213.83,12374.80
30-April-2020,12590.82,12760.95,12590.46,12721.00
4-May-2020,12422.44,12422.44,12023.75,12051.46
5-May-2020,12214.17,12258.89,11922.63,11938.40
6-May-2020,11983.22,12093.51,11824.29,12023.64
7-May-2020,12023.87,12049.04,11921.49,11938.42
8-May-2020,12140.53,12145.98,11975.51,11988.93
11-May-2020,12123.39,12211.83,11977.18,11997.79
12-May-2020,11941.49,11990.79,11756.08,11940.15
13-May-2020,12431.48,12432.27,12120.28,12171.26
14-May-2020,12026.69,12084.81,11897.09,11926.23
15-May-2020,11988.79,11988.79,11818.49,11907.64
18-May-2020,11969.46,11969.46,11483.74,11499.61
19-May-2020,11644.13,11734.72,11529.81,11557.69
20-May-2020,11553.88,11807.55,11553.00,11784.13
21-May-2020,11825.84,11931.94,11784.23,11843.93
22-May-2020,11817.60,11905.14,11689.31,11763.18
26-May-2020,11835.86,11901.30,11735.06,11777.99
27-May-2020,11840.57,12071.21,11732.88,12055.24
28-May-2020,12130.31,12290.20,12078.73,12271.50
29-May-2020,12229.42,12431.12,12167.00,12414.85
1-June-2020,12587.98,12835.24,12578.88,12726.27
2-June-2020,12801.55,12927.39,12745.92,12913.91
3-June-2020,13053.70,13160.87,12983.76,13016.47
4-June-2020,13024.96,13115.42,12885.95,12994.86
5-June-2020,13087.06,13197.70,13023.03,13168.97
8-June-2020,13368.42,13394.46,13155.90,13208.57
9-June-2020,13282.54,13365.70,13034.62,13071.46
10-June-2020,13105.20,13190.56,13053.15,13161.34
11-June-2020,13167.75,13177.99,12892.11,12910.01
12-June-2020,12524.47,13026.52,12493.50,13002.13
15-June-2020,12994.77,12999.09,12740.43,12828.38
16-June-2020,13037.08,13098.52,12714.92,12927.07
17-June-2020,12877.87,13044.01,12845.67,12916.41
18-June-2020,12884.11,13158.38,12883.73,13139.68
19-June-2020,13197.24,13356.85,13139.22,13330.72
22-June-2020,13408.60,13540.56,13398.71,13457.04
23-June-2020,13507.65,13681.47,13460.14,13668.20
24-June-2020,13765.92,13790.81,13440.45,13469.62
25-June-2020,13356.23,13544.01,13338.33,13479.59
26-June-2020,13590.19,13632.81,13509.11,13577.10
29-June-2020,13506.58,13517.90,13371.82,13466.13
30-June-2020,13543.92,13577.48,13403.01,13438.14
1-July-2020,13472.23,13588.80,13431.20,13569.42
2-July-2020,13636.17,13765.06,13633.64,13721.36
3-July-2020,13791.90,13822.78,13742.93,13798.56
6-July-2020,13894.83,14011.68,13882.29,13967.84
7-July-2020,14027.34,14041.76,13886.95,14023.84
8-July-2020,14060.56,14094.33,13884.44,13916.81
9-July-2020,13972.13,14049.70,13957.80,14027.41
10-July-2020,13978.48,14048.65,13902.28,13968.64
13-July-2020,14068.95,14107.80,13943.99,14002.65
14-July-2020,13961.48,13961.48,13723.26,13780.46
15-July-2020,13879.79,14027.45,13734.33,13780.21
16-July-2020,13884.69,13918.98,13724.65,13905.49
17-July-2020,13941.18,14142.80,13931.50,14114.28
20-July-2020,14232.60,14271.26,14182.12,14255.13
21-July-2020,14389.24,14422.84,14360.52,14392.44
22-July-2020,14468.82,14475.41,14264.09,14357.18
23-July-2020,14352.10,14483.15,14332.13,14460.66
24-July-2020,14403.53,14449.60,14298.46,14415.85
27-July-2020,14462.93,14462.93,14273.96,14320.59
28-July-2020,14365.97,14523.76,14358.85,14507.46
29-July-2020,14507.30,14571.36,14376.96,14437.31
30-July-2020,14493.65,14548.71,14313.01,14337.81
31-July-2020,14378.15,14411.50,14283.37,14346.18
3-August-2020,14353.01,14353.19,14174.24,14182.52
4-August-2020,14249.08,14428.45,14214.02,14412.79
5-August-2020,14489.84,14573.54,14392.05,14435.26
6-August-2020,14526.20,14616.56,14478.06,14563.83
7-August-2020,14565.39,14628.40,14519.35,14608.94
10-August-2020,14685.31,14780.37,14674.35,14717.74
11-August-2020,14792.89,14843.03,14745.83,14757.56
12-August-2020,14740.59,14761.63,14658.05,14746.40
13-August-2020,14796.02,14831.81,14739.62,14783.16
14-August-2020,14834.35,14873.70,14545.95,14634.87
17-August-2020,14711.92,14739.92,14589.05,14721.97
18-August-2020,14748.59,14913.82,14741.59,14898.98
19-August-2020,14976.42,15007.22,14934.56,14952.69
20-August-2020,14857.62,14926.90,14815.56,14878.77
21-August-2020,14978.25,15031.62,14954.66,14965.72
24-August-2020,15033.38,15120.04,15027.83,15081.94
25-August-2020,15154.46,15173.19,15038.93,15103.03
26-August-2020,15148.79,15202.66,15098.72,15191.47
27-August-2020,15268.55,15284.51,15198.95,15217.07
28-August-2020,15276.42,15369.01,15273.00,15309.58
31-August-2020,15441.97,15480.45,14815.50,14890.06
1-September-2020,14923.23,15059.11,14864.92,15006.09
2-September-2020,15022.27,15145.09,14980.55,15122.35
3-September-2020,15161.33,15193.76,15122.16,15145.30
4-September-2020,14878.08,15053.88,14861.05,14897.10
7-September-2020,14893.22,14962.58,14784.75,14899.35
8-September-2020,14933.15,14991.91,14785.70,14820.99
9-September-2020,14697.13,14785.83,14626.38,14764.14
10-September-2020,14877.20,14984.50,14849.94,14973.23
11-September-2020,14989.04,15035.40,14950.70,15012.16
14-September-2020,15107.37,15220.94,15017.42,15088.37
15-September-2020,15151.93,15232.98,15126.25,15217.34
16-September-2020,15267.77,15324.79,15225.47,15313.21
17-September-2020,15261.94,15302.20,15193.01,15211.61
18-September-2020,15294.69,15305.79,15140.61,15202.64
21-September-2020,15207.80,15235.38,14766.17,14804.20
22-September-2020,14836.75,14841.83,14495.34,14652.22
23-September-2020,14787.21,14797.61,14479.04,14617.61
24-September-2020,14458.38,14465.21,14200.86,14221.19
25-September-2020,14364.47,14582.38,14290.00,14557.67
28-September-2020,14697.29,14849.92,14648.77,14834.26
29-September-2020,14920.53,14947.40,14767.54,14819.57
30-September-2020,14857.22,14904.76,14776.42,14851.00
1-October-2020,14972.47,15056.91,14972.47,15038.24
5-October-2020,15134.43,15202.22,15063.59,15126.05
6-October-2020,15244.83,15308.17,15204.48,15295.38
7-October-2020,15319.30,15374.64,15252.83,15343.36
8-October-2020,15449.88,15510.01,15378.72,15435.38
9-October-2020,15460.81,15533.79,15402.18,15498.18
12-October-2020,15564.00,15606.91,15408.76,15480.50
13-October-2020,15486.92,15545.71,15435.07,15468.47
14-October-2020,15466.71,15536.46,15342.96,15508.65
15-October-2020,15582.07,15582.07,15147.06,15167.70
16-October-2020,15235.04,15305.35,15153.52,15288.93
19-October-2020,15397.56,15433.79,15355.71,15424.93
20-October-2020,15418.59,15504.53,15381.29,15463.33
21-October-2020,15543.36,15602.91,15308.21,15499.84
22-October-2020,15455.29,15512.31,15390.83,15487.76
23-October-2020,15551.81,15581.52,15518.26,15539.30
26-October-2020,15549.66,15564.10,15270.63,15330.08
27-October-2020,15346.02,15492.62,15261.34,15484.29
28-October-2020,15526.71,15534.47,15250.72,15291.29
29-October-2020,15153.91,15304.14,15137.93,15235.82
30-October-2020,15263.18,15344.84,15089.86,15215.01
2-November-2020,15303.99,15304.01,15125.40,15236.96
3-November-2020,15317.06,15426.43,15313.51,15394.89
4-November-2020,15380.98,15528.52,15333.44,15508.25
5-November-2020,15656.11,15783.22,15649.42,15776.32
6-November-2020,15813.39,15944.94,15801.32,15927.38
9-November-2020,16065.30,16167.23,16037.51,16154.87
10-November-2020,16274.00,16314.49,16163.40,16302.05
11-November-2020,16362.79,16471.34,16245.01,16440.11
12-November-2020,16364.24,16459.18,16345.53,16419.38
13-November-2020,16398.43,16499.60,16341.53,16490.33
14-November-2020,16627.91,16635.71,16539.57,16575.09
17-November-2020,16706.33,16724.30,16604.83,16702.68
18-November-2020,16715.20,16815.65,16652.81,16804.39
19-November-2020,16726.00,16873.97,16591.50,16623.99
20-November-2020,16676.45,16787.07,16589.42,16750.03
23-November-2020,16851.00,16911.27,16765.17,16871.37
24-November-2020,16970.97,17048.47,16948.43,17026.40
25-November-2020,17110.22,17134.36,16751.36,16776.91
26-November-2020,16824.91,16972.89,16712.67,16941.87
27-November-2020,16980.63,17059.12,16932.09,16995.01
1-December-2020,17120.54,17212.61,17028.60,17188.31
2-December-2020,17229.68,17243.56,17072.24,17232.67
3-December-2020,17336.18,17348.73,17260.84,17294.93
4-December-2020,17332.05,17449.29,17289.56,17432.23
7-December-2020,17460.90,17592.70,17441.14,17581.28
8-December-2020,17650.05,17684.22,17481.12,17609.75
9-December-2020,17707.70,17782.99,17692.62,17748.98
10-December-2020,17717.80,17717.80,17557.96,17685.29
11-December-2020,17734.79,17814.15,17592.28,17733.83
14-December-2020,17806.19,17846.78,17718.76,17804.39
15-December-2020,17825.80,17835.97,17670.85,17818.64
16-December-2020,17927.74,17983.14,17889.15,17971.76
17-December-2020,18014.98,18075.83,17975.32,18008.78
18-December-2020,18059.98,18059.98,17882.44,18027.23
21-December-2020,18008.59,18042.22,17121.70,17396.69
22-December-2020,17340.67,17617.25,17128.73,17588.57
23-December-2020,17629.43,17849.46,17565.87,17829.79
24-December-2020,17947.39,18020.11,17869.59,17992.01
28-December-2020,18079.15,18178.52,18078.43,18164.87
29-December-2020,18232.98,18282.66,18119.97,18218.91
30-December-2020,18284.54,18298.82,18135.23,18284.31
31-December-2020,18296.07,18343.95,18248.83,18300.10
1-January-2021,18321.93,18418.84,18319.03,18389.08
4-January-2021,18493.86,18597.51,18342.83,18582.91
5-January-2021,18514.19,18719.64,18458.27,18701.75
6-January-2021,18771.66,18783.73,18505.12,18658.66
7-January-2021,18797.26,18811.59,18686.46,18707.68
8-January-2021,18847.95,18973.18,18827.63,18953.86
11-January-2021,19118.48,19119.96,18946.88,19081.06
12-January-2021,19080.27,19204.73,19024.70,19169.98
13-January-2021,19272.05,19291.80,18959.53,19143.46
14-January-2021,19147.95,19204.54,19041.75,19185.93
15-January-2021,19220.80,19237.91,18866.34,18968.73
18-January-2021,18984.69,18993.74,18654.59,18713.54
19-January-2021,18833.38,19064.64,18827.52,19049.36
20-January-2021,19104.80,19226.30,19059.02,19202.91
21-January-2021,19325.93,19345.29,19016.33,19101.73
22-January-2021,19117.29,19163.85,18827.04,18846.30
25-January-2021,19014.43,19021.50,18632.62,18667.99
27-January-2021,18691.69,18692.16,18304.67,18358.67
28-January-2021,18154.78,18296.70,18082.24,18200.73
29-January-2021,18396.46,18399.39,17927.75,17975.30
1-February-2021,18099.07,18773.18,17977.70,18723.00
2-February-2021,18939.66,19245.90,18939.24,19166.67
3-February-2021,19319.56,19459.17,19094.77,19365.20
4-February-2021,19384.46,19557.45,19314.67,19538.26
5-February-2021,19689.05,19696.91,19474.15,19522.69
8-February-2021,19676.09,19822.57,19676.09,19783.93
9-February-2021,19849.15,19942.81,19707.25,19764.79
10-February-2021,19801.66,19852.47,19628.83,19800.49
11-February-2021,19773.89,19906.12,19755.34,19895.04
12-February-2021,19942.23,19984.80,19784.60,19888.33
15-February-2021,20022.31,20112.16,20008.40,20085.14
16-February-2021,20183.96,20230.60,20004.66,20107.64
17-February-2021,20092.65,20145.48,19976.26,20032.96
18-February-2021,20126.09,20128.22,19937.87,19985.41
19-February-2021,19972.75,20024.22,19655.21,19777.47
22-February-2021,19801.21,19834.38,19364.52,19418.89
23-February-2021,19520.33,19652.11,19388.70,19504.84
24-February-2021,19563.80,19836.70,19474.02,19812.74
25-February-2021,19968.87,20064.07,19936.50,19990.65
26-February-2021,19713.43,19801.10,19292.49,19371.25
1-March-2021,19606.43,19713.26,19521.15,19673.20
2-March-2021,19829.60,19959.83,19704.10,19914.13
3-March-2021,20071.60,20329.49,20053.21,20305.80
4-March-2021,20098.95,20313.63,20027.06,20184.77
5-March-2021,20092.52,20196.36,19851.95,19949.68
8-March-2021,20074.79,20182.73,19952.04,19988.21
9-March-2021,20099.31,20177.49,19883.09,20078.87
10-March-2021,20223.33,20244.23,20099.82,20201.09
12-March-2021,20342.41,20390.36,19951.11,20046.75
15-March-2021,20074.83,20090.96,19684.10,19915.33
16-March-2021,19996.52,20058.83,19884.33,19921.40
17-March-2021,19944.61,19967.16,19588.07,19616.07
18-March-2021,19756.40,19820.04,19268.12,19383.55
19-March-2021,19251.63,19651.84,19026.48,19612.30
22-March-2021,19627.76,19677.31,19484.15,19647.19
23-March-2021,19708.96,19838.31,19648.70,19769.05
24-March-2021,19693.91,19725.40,19401.03,19423.20
25-March-2021,19442.86,19454.18,19009.22,19101.08
26-March-2021,19287.64,19410.33,19223.30,19344.99
30-March-2021,19475.35,19738.36,19475.35,19720.55
31-March-2021,19713.14,19713.44,19579.89,19601.95
1-April-2021,19745.54,19883.60,19639.08,19866.86
5-April-2021,19868.97,19870.26,19345.79,19580.09
6-April-2021,19680.05,19773.37,19514.37,19672.73
7-April-2021,19716.61,19917.32,19665.03,19868.99
8-April-2021,19966.26,20096.33,19902.83,19965.56
9-April-2021,19986.10,20046.85,19886.20,19944.06
12-April-2021,19668.59,19671.39,19070.65,19139.91
13-April-2021,19178.88,19424.50,19119.52,19402.96
15-April-2021,19375.09,19508.14,19193.72,19483.68
16-April-2021,19546.37,19675.08,19478.47,19580.05
19-April-2021,19212.24,19253.80,18982.96,19225.72
20-April-2021,19424.04,19476.90,19073.91,19189.47
22-April-2021,19109.86,19336.35,19026.92,19311.54
23-April-2021,19266.00,19419.01,19174.05,19270.89
26-April-2021,19393.18,19520.11,19393.00,19447.06
27-April-2021,19493.18,19697.55,19482.46,19678.42
28-April-2021,19757.94,19948.61,19757.71,19921.25
29-April-2021,20059.76,20150.78,19854.48,19948.58
30-April-2021,19829.82,19941.80,19655.40,19689.52
3-May-2021,19551.30,19774.39,19444.49,19735.16
4-May-2021,19830.76,19880.72,19543.88,19586.39
5-May-2021,19723.93,19787.60,19618.29,19765.24
6-May-2021,19866.36,19922.77,19758.27,19903.85
7-May-2021,20006.58,20057.34,19944.66,20000.41
10-May-2021,20126.17,20198.65,20102.20,20173.76
11-May-2021,20022.20,20183.78,19971.99,20132.55
12-May-2021,20170.61,20170.61,19902.47,19967.98
14-May-2021,20073.75,20073.75,19759.99,19862.23
17-May-2021,19975.63,20197.37,19923.59,20180.71
18-May-2021,20349.62,20472.90,20349.59,20446.42
19-May-2021,20438.45,20514.63,20372.73,20398.94
20-May-2021,20442.70,20471.58,20255.36,20283.79
21-May-2021,20407.47,20582.45,20391.19,20567.93
24-May-2021,20656.49,20699.86,20557.78,20637.80
25-May-2021,20766.55,20775.27,20586.87,20641.49
26-May-2021,20734.35,20771.19,20630.59,20736.34
27-May-2021,20803.25,20843.03,20714.18,20804.56
28-May-2021,20917.94,20953.03,20853.88,20879.07
31-May-2021,20928.21,21082.40,20824.73,21055.18
1-June-2021,21126.30,21160.07,20958.70,21032.85
2-June-2021,21006.80,21160.67,20980.94,21136.62
3-June-2021,21252.62,21319.87,21228.55,21304.16
4-June-2021,21367.99,21388.26,21259.12,21326.08
7-June-2021,21412.57,21491.54,21367.01,21460.62
8-June-2021,21522.14,21523.41,21368.83,21492.23
9-June-2021,21561.81,21608.13,21232.50,21333.13
10-June-2021,21425.03,21539.45,21393.72,21526.73
11-June-2021,21621.19,21656.44,21525.64,21602.40
14-June-2021,21585.05,21605.38,21249.77,21588.48
15-June-2021,21664.12,21715.10,21644.53,21672.65
16-June-2021,21679.28,21691.89,21486.60,21518.31
17-June-2021,21364.90,21533.78,21296.17,21381.27
18-June-2021,21449.68,21459.24,20951.07,21319.12
21-June-2021,21116.99,21446.43,21055.88,21429.77
22-June-2021,21569.88,21643.63,21465.69,21489.90
23-June-2021,21624.49,21624.61,21364.53,21380.87
24-June-2021,21454.23,21480.03,21399.60,21449.67
25-June-2021,21521.07,21581.04,21457.50,21564.16
28-June-2021,21652.83,21652.83,21531.33,21556.58
29-June-2021,21585.89,21612.07,21443.42,21473.11
30-June-2021,21531.96,21589.66,21449.91,21463.09
1-July-2021,21527.51,21527.64,21413.21,21430.82
2-July-2021,21489.76,21509.47,21404.04,21495.20
5-July-2021,21589.04,21652.88,21560.65,21641.15
6-July-2021,21653.48,21759.43,21596.90,21618.68
7-July-2021,21639.64,21728.37,21566.88,21704.49
8-July-2021,21720.19,21749.16,21474.95,21541.31
9-July-2021,21533.84,21564.80,21444.44,21538.62
12-July-2021,21651.82,21683.47,21513.87,21572.80
13-July-2021,21692.72,21705.41,21621.94,21696.33
14-July-2021,21727.78,21771.77,21661.31,21743.40
15-July-2021,21784.81,21861.78,21776.12,21831.94
16-July-2021,21882.76,21895.01,21812.18,21864.48
19-July-2021,21699.29,21787.49,21596.52,21668.22
20-July-2021,21631.06,21659.62,21380.36,21472.53
22-July-2021,21609.78,21767.79,21604.55,21753.51
23-July-2021,21832.20,21848.78,21695.34,21784.21
26-July-2021,21810.09,21859.06,21727.54,21766.29
27-July-2021,21838.18,21867.79,21596.82,21662.07
28-July-2021,21721.72,21721.72,21346.66,21614.98
29-July-2021,21713.84,21761.72,21666.25,21722.99
30-July-2021,21779.07,21873.08,21708.84,21753.68
2-August-2021,21892.04,21951.09,21867.58,21939.19
3-August-2021,22020.13,22207.91,21997.82,22191.37
4-August-2021,22289.91,22365.68,22204.12,22243.13
5-August-2021,22320.76,22320.76,22122.46,22263.77
6-August-2021,22292.41,22341.14,22206.23,22224.36
9-August-2021,22280.65,22301.61,22082.55,22185.86
10-August-2021,22230.85,22282.48,21987.29,22116.13
11-August-2021,22163.42,22193.51,21844.65,22092.90
12-August-2021,22145.79,22255.04,22111.40,22248.44
13-August-2021,22295.07,22417.76,22283.27,22392.46
16-August-2021,22421.84,22434.76,22322.78,22405.76
17-August-2021,22413.31,22492.28,22311.30,22473.72
18-August-2021,22569.06,22588.94,22407.36,22439.15
20-August-2021,22272.85,22364.60,22146.57,22193.77
23-August-2021,22343.00,22386.41,22038.53,22176.37
24-August-2021,22236.38,22407.43,22201.75,22392.14
25-August-2021,22467.07,22523.08,22405.53,22440.46
26-August-2021,22486.78,22523.74,22410.09,22457.68
27-August-2021,22473.23,22613.30,22394.27,22594.76
30-August-2021,22693.17,22941.62,22685.59,22921.45
31-August-2021,22978.97,23198.73,22913.46,23174.23
1-September-2021,23269.05,23314.28,23133.26,23167.46
2-September-2021,23212.68,23389.79,23166.29,23378.19
3-September-2021,23448.29,23513.10,23373.75,23494.55
6-September-2021,23615.15,23631.94,23538.56,23566.75
7-September-2021,23629.84,23639.99,23423.44,23530.80
8-September-2021,23565.60,23594.09,23421.88,23555.90
9-September-2021,23537.55,23615.67,23509.48,23606.90
13-September-2021,23612.03,23650.59,23500.79,23627.62
14-September-2021,23747.40,23762.45,23678.79,23711.05
15-September-2021,23774.10,23913.08,23743.27,23901.29
16-September-2021,23973.42,24041.02,23883.23,24024.51
17-September-2021,24129.80,24190.10,23829.51,23902.17
20-September-2021,23745.66,23932.34,23543.82,23581.89
21-September-2021,23594.66,23792.08,23438.76,23770.02
22-September-2021,23845.75,23907.91,23783.59,23846.71
23-September-2021,24010.66,24206.77,23995.38,24185.34
24-September-2021,24292.66,24345.46,24115.56,24160.86
27-September-2021,24254.89,24275.87,24083.32,24162.75
28-September-2021,24243.45,24244.17,23806.17,24010.47
29-September-2021,23879.22,24084.23,23832.73,23997.88
30-September-2021,24069.73,24077.46,23900.74,23937.54
1-October-2021,23872.06,23904.20,23746.52,23873.27
4-October-2021,24016.36,24162.52,23972.36,24140.88
5-October-2021,24167.28,24314.27,24099.64,24303.20
6-October-2021,24404.25,24411.38,24033.71,24073.67
7-October-2021,24259.61,24390.95,24259.58,24321.31
8-October-2021,24454.98,24499.08,24363.18,24435.39
11-October-2021,24504.72,24647.23,24423.42,24534.94
12-October-2021,24554.44,24638.67,24448.62,24622.92
13-October-2021,24776.85,24911.52,24728.90,24864.65
14-October-2021,25037.06,25104.00,24992.20,25082.49
18-October-2021,25325.04,25366.27,25248.53,25266.77
19-October-2021,25442.21,25454.92,24998.09,25062.34
20-October-2021,25088.91,25090.65,24652.37,24765.29
21-October-2021,24893.86,24911.97,24453.59,24639.03
22-October-2021,24710.20,24814.23,24385.46,24495.84
25-October-2021,24682.48,24683.87,24151.71,24394.14
26-October-2021,24422.27,24703.20,24421.91,24654.92
27-October-2021,24746.03,24781.52,24574.73,24623.63
28-October-2021,24610.79,24610.79,24080.73,24157.15
29-October-2021,24128.05,24274.17,23791.50,23990.09
1-November-2021,24110.76,24345.65,24027.66,24329.04
2-November-2021,24434.70,24440.12,24295.28,24347.04
3-November-2021,24440.53,24478.71,24185.24,24295.57
4-November-2021,24491.19,24491.19,24428.70,24447.15
8-November-2021,24567.55,24693.66,24340.89,24671.01
9-November-2021,24721.14,24766.45,24624.68,24705.58
10-November-2021,24669.17,24741.42,24578.90,24675.95
11-November-2021,24665.85,24665.98,24409.95,24504.51
12-November-2021,24641.36,24792.14,24532.97,24772.08
15-November-2021,24856.94,24902.17,24732.24,24781.53
16-November-2021,24825.72,24841.54,24627.94,24673.38
17-November-2021,24644.32,24733.96,24535.74,24565.69
18-November-2021,24581.02,24639.40,24228.33,24322.72
22-November-2021,24365.70,24378.94,23596.46,23804.33
23-November-2021,23653.55,24056.32,23554.24,24007.68
24-November-2021,24095.24,24152.63,23831.27,23907.84
25-November-2021,23940.95,24103.14,23811.46,24072.41
26-November-2021,23871.36,23871.52,23318.68,23359.67
29-November-2021,23237.11,23433.99,22881.93,23284.20
30-November-2021,23294.90,23688.28,23211.43,23276.88
1-December-2021,23403.35,23544.65,23345.55,23488.72
2-December-2021,23541.15,23807.14,23503.66,23786.00
3-December-2021,23830.52,23909.57,23579.48,23595.31
6-December-2021,23632.45,23633.49,23189.34,23212.63
7-December-2021,23368.08,23628.36,23317.70,23556.16
8-December-2021,23753.23,23955.70,23742.66,23934.89
9-December-2021,24031.03,24043.10,23858.19,24017.43
10-December-2021,23995.64,24083.12,23930.74,24061.35
13-December-2021,24204.77,24257.45,23906.13,23918.75
14-December-2021,23847.59,23920.60,23724.59,23875.89
15-December-2021,23892.51,23921.87,23706.10,23732.19
16-December-2021,23901.11,23928.31,23637.29,23712.24
17-December-2021,23742.29,23749.69,23273.96,23295.52
20-December-2021,23090.08,23092.73,22428.02,22704.35
21-December-2021,22881.68,23151.73,22837.93,22955.34
22-December-2021,23077.66,23263.18,23059.65,23244.27
23-December-2021,23389.77,23463.84,23356.63,23415.86
24-December-2021,23518.89,23530.70,23194.59,23285.09
27-December-2021,23238.45,23414.01,23052.80,23386.67
28-December-2021,23519.25,23629.09,23511.03,23607.19
29-December-2021,23626.31,23696.71,23559.70,23598.81
30-December-2021,23596.96,23654.58,23534.52,23565.31
31-December-2021,23614.42,23853.12,23609.13,23811.00
3-January-2022,23866.03,24168.00,23861.64,24140.23
4-January-2022,24232.12,24339.05,24084.05,24315.79
5-January-2022,24342.55,24467.61,24239.44,24441.21
6-January-2022,24275.01,24319.72,24133.14,24281.93
7-January-2022,24364.62,24485.49,24230.87,24374.89
10-January-2022,24494.35,24624.62,24461.90,24613.74
11-January-2022,24611.96,24715.63,24563.66,24674.81
12-January-2022,24836.70,24907.30,24780.81,24890.26
13-January-2022,24952.61,24989.27,24831.65,24971.32
14-January-2022,24917.58,25023.58,24815.72,24984.66
17-January-2022,25015.95,25091.26,24967.08,25063.83
18-January-2022,25136.16,25150.53,24698.14,24741.12
19-January-2022,24752.56,24757.22,24470.96,24577.97
20-January-2022,24579.01,24600.75,24274.41,24403.07
21-January-2022,24268.63,24296.33,23944.15,24115.31
24-January-2022,24111.12,24111.12,23165.23,23373.13
25-January-2022,23210.73,23600.26,22900.34,23568.15
27-January-2022,23392.76,23415.27,23023.58,23326.65
28-January-2022,23520.27,23756.07,23365.04,23393.90
31-January-2022,23668.13,23796.81,23618.35,23715.29
1-February-2022,23960.02,24054.75,23600.97,24023.95
2-February-2022,24185.29,24315.95,24156.62,24297.75
3-February-2022,24308.45,24309.28,23996.59,24045.74
4-February-2022,24091.86,24127.56,23906.06,23966.56
7-February-2022,23975.15,24032.27,23513.21,23630.03
8-February-2022,23716.20,23760.64,23343.84,23605.06
9-February-2022,23736.78,23873.73,23720.19,23861.29
10-February-2022,23978.75,24047.59,23790.84,24009.28
11-February-2022,23834.07,23834.07,23620.54,23662.95
14-February-2022,23124.18,23264.68,22844.17,22889.32
15-February-2022,23001.18,23555.87,22808.47,23531.37
16-February-2022,23648.94,23738.82,23453.24,23510.59
17-February-2022,23613.72,23674.18,23406.32,23477.59
18-February-2022,23346.63,23549.74,23346.51,23386.33
21-February-2022,23262.54,23417.43,23047.01,23204.19
22-February-2022,22689.23,23092.45,22675.07,23036.01
23-February-2022,23163.85,23257.95,23027.54,23064.73
24-February-2022,22370.88,22541.62,21857.13,21896.83
25-February-2022,22217.46,22648.88,22217.46,22551.93
28-February-2022,22376.88,22763.31,22142.64,22741.64
2-March-2022,22556.67,22672.25,22421.93,22566.75
3-March-2022,22788.26,22831.80,22404.63,22465.91
4-March-2022,22320.27,22371.26,21982.37,22087.93
7-March-2022,21685.08,21685.20,21361.69,21557.46
8-March-2022,21477.33,21808.30,21339.78,21782.62
9-March-2022,21965.33,22311.58,21816.53,22222.24
10-March-2022,22775.90,22775.97,22377.94,22547.08
11-March-2022,22499.16,22668.25,22412.48,22624.45
14-March-2022,22657.09,22863.11,22544.63,22839.21
15-March-2022,22904.61,22937.18,22455.11,22588.07
16-March-2022,22870.14,23026.17,22835.49,23009.72
17-March-2022,23287.96,23449.82,23272.49,23394.96
21-March-2022,23495.93,23509.84,23191.34,23206.20
22-March-2022,23234.03,23421.99,23036.14,23402.10
23-March-2022,23509.91,23574.52,23304.88,23351.65
24-March-2022,23233.13,23435.98,23214.80,23365.23
25-March-2022,23458.52,23470.70,23200.02,23296.05
28-March-2022,23347.36,23356.70,23083.97,23338.41
29-March-2022,23430.73,23497.75,23369.22,23483.28
30-March-2022,23631.54,23740.18,23582.19,23701.75
31-March-2022,23757.92,23803.16,23658.63,23695.01
1-April-2022,23718.54,24040.21,23689.91,24003.84
4-April-2022,24178.98,24493.50,24177.48,24476.57
5-April-2022,24585.63,24628.56,24443.83,24490.81
6-April-2022,24409.13,24485.68,24340.26,24389.26
7-April-2022,24368.38,24440.94,24160.95,24185.86
8-April-2022,24301.45,24475.93,24189.53,24412.79
11-April-2022,24434.77,24482.39,24336.19,24387.62
12-April-2022,24354.37,24354.37,23999.31,24134.50
13-April-2022,24275.48,24325.20,24076.14,24092.76
18-April-2022,23812.15,23826.09,23591.82,23757.85
19-April-2022,23879.75,23939.44,23272.39,23443.90
20-April-2022,23574.99,23729.43,23480.99,23644.32
21-April-2022,23809.81,23987.65,23768.46,23966.48
22-April-2022,23845.03,23903.98,23687.95,23715.18
25-April-2022,23525.52,23525.54,23290.78,23370.50
26-April-2022,23568.14,23755.48,23550.74,23729.00
27-April-2022,23597.37,23615.59,23388.07,23509.36
28-April-2022,23707.73,23840.32,23526.25,23759.49
29-April-2022,23874.59,23914.56,23490.03,23551.65
2-May-2022,23334.66,23499.01,23287.11,23475.81
4-May-2022,23551.71,23575.05,22855.27,22928.96
5-May-2022,23162.91,23269.02,22894.04,22942.07
6-May-2022,22602.85,22635.66,22426.67,22542.22
9-May-2022,22331.19,22451.24,22120.14,22299.34
10-May-2022,22252.75,22421.43,22032.45,22081.75
11-May-2022,22143.90,22234.61,21663.60,21950.02
12-May-2022,21790.63,21790.85,21343.16,21457.70
13-May-2022,21708.73,21883.06,21402.17,21458.89
16-May-2022,21572.61,21734.49,21406.40,21614.97
17-May-2022,21767.51,22211.31,21715.22,22181.67
18-May-2022,22308.16,22399.62,22136.33,22168.09
19-May-2022,21698.10,21790.90,21539.85,21589.01
20-May-2022,21891.51,22155.32,21874.90,22137.19
23-May-2022,22209.52,22315.40,22012.98,22043.78
24-May-2022,22083.14,22120.42,21842.91,21902.53
25-May-2022,21989.16,22018.60,21632.19,21653.37
26-May-2022,21745.64,21923.02,21432.20,21873.56
27-May-2022,22070.73,22130.14,21948.94,22112.99
30-May-2022,22345.71,22573.25,22339.89,22559.21
31-May-2022,22495.97,22643.95,22417.51,22497.64
1-June-2022,22513.78,22593.51,22312.54,22429.56
2-June-2022,22439.52,22579.88,22343.23,22563.52
3-June-2022,22732.02,22770.95,22402.24,22416.38
6-June-2022,22375.12,22423.87,22190.26,22380.34
7-June-2022,22292.04,22295.04,22117.29,22196.84
8-June-2022,22282.90,22331.08,22036.34,22121.61
9-June-2022,22012.64,22281.68,21969.60,22266.06
10-June-2022,22078.45,22079.13,21916.55,21953.51
13-June-2022,21553.28,21553.32,21279.22,21373.99
14-June-2022,21256.55,21515.44,21229.18,21321.37
15-June-2022,21359.99,21426.55,21295.36,21314.78
16-June-2022,21505.09,21549.51,20816.05,20851.33
17-June-2022,20739.97,20888.91,20563.81,20710.01
20-June-2022,20748.62,20790.15,20482.98,20630.52
21-June-2022,20760.81,21151.57,20744.72,21097.67
22-June-2022,21006.29,21009.95,20758.45,20785.24
23-June-2022,20846.96,21080.30,20746.20,20998.55
24-June-2022,21150.35,21247.14,21106.68,21223.98
27-June-2022,21496.84,21514.69,21401.53,21415.97
28-June-2022,21334.91,21482.34,21243.25,21453.26
29-June-2022,21265.45,21447.88,21238.91,21380.99
30-June-2022,21359.03,21500.25,21281.67,21324.54
1-July-2022,21284.32,21385.40,21018.58,21340.25
4-July-2022,21348.26,21484.37,21252.05,21464.12
5-July-2022,21570.69,21714.72,21414.31,21445.92
6-July-2022,21473.49,21746.80,21422.31,21719.59
7-July-2022,21869.94,21947.68,21807.01,21929.42
8-July-2022,22077.13,22090.60,21940.11,22028.14
11-July-2022,21973.42,22159.03,21925.06,22123.36
12-July-2022,22066.90,22099.66,21928.44,21955.57
13-July-2022,22074.50,22088.47,21851.09,21869.74
14-July-2022,21939.81,21979.27,21695.13,21830.49
15-July-2022,21922.08,21990.28,21822.59,21971.45
18-July-2022,22103.14,22289.48,22100.14,22277.59
19-July-2022,22201.21,22407.53,22187.75,22383.95
20-July-2022,22632.06,22667.57,22522.82,22558.20
21-July-2022,22574.96,22755.31,22527.39,22734.07
22-July-2022,22804.06,22864.55,22719.85,22828.47
25-July-2022,22795.73,22828.11,22665.11,22739.17
26-July-2022,22761.15,22761.15,22490.63,22514.59
27-July-2022,22515.92,22730.28,22459.04,22718.33
28-July-2022,22865.04,23066.41,22831.99,23047.50
29-July-2022,23208.96,23376.50,23185.72,23359.64
1-August-2022,23472.33,23667.46,23362.49,23649.80
2-August-2022,23636.12,23739.21,23523.60,23685.51
3-August-2022,23707.54,23746.45,23499.53,23696.30
4-August-2022,23790.07,23856.48,23403.31,23721.33
5-August-2022,23773.09,23853.59,23699.42,23731.67
8-August-2022,23755.05,23918.06,23688.13,23888.77
10-August-2022,23947.62,23954.61,23783.86,23885.71
11-August-2022,24069.66,24117.12,24027.21,24063.88
12-August-2022,24060.58,24171.13,24013.66,24136.40
16-August-2022,24224.86,24367.17,24224.43,24357.79
17-August-2022,24410.88,24547.90,24402.88,24520.68
18-August-2022,24483.43,24578.04,24437.62,24560.74
19-August-2022,24593.78,24629.69,24253.96,24299.20
22-August-2022,24200.42,24204.30,23895.34,23925.67
23-August-2022,23713.23,24126.93,23705.45,24065.79
24-August-2022,24022.36,24160.27,23976.50,24135.99
25-August-2022,24215.48,24319.02,24036.50,24074.38
26-August-2022,24185.30,24299.86,24097.71,24141.17
29-August-2022,23474.94,23941.06,23474.66,23872.06
30-August-2022,23992.12,24457.48,23988.60,24437.22
1-September-2022,24183.96,24410.30,24145.68,24249.54
2-September-2022,24337.11,24397.13,24207.90,24232.24
5-September-2022,24246.32,24405.29,24246.32,24376.10
6-September-2022,24416.07,24521.39,24306.61,24411.21
7-September-2022,24281.63,24444.13,24253.81,24418.89
8-September-2022,24554.63,24624.66,24491.22,24608.47
9-September-2022,24734.43,24780.85,24590.38,24652.61
12-September-2022,24704.36,24865.64,24704.35,24829.36
13-September-2022,24943.72,25005.84,24926.65,24977.96
14-September-2022,24540.47,25006.00,24535.87,24914.38
15-September-2022,24976.87,25066.46,24783.65,24837.17
16-September-2022,24740.75,24773.89,24226.39,24304.61
19-September-2022,24290.37,24462.01,24125.10,24375.52
20-September-2022,24536.17,24795.01,24536.17,24653.70
21-September-2022,24598.38,24734.16,24421.08,24485.29
22-September-2022,24351.33,24531.04,24271.45,24448.88
23-September-2022,24419.00,24487.26,23969.30,24005.32
26-September-2022,23771.56,23801.88,23390.20,23472.28
27-September-2022,23546.02,23710.85,23357.65,23475.47
28-September-2022,23323.12,23540.65,23240.13,23303.45
29-September-2022,23475.90,23567.34,23223.75,23278.09
30-September-2022,23211.25,23720.19,23141.62,23642.46
3-October-2022,23631.29,23682.25,23252.98,23337.18
4-October-2022,23640.53,23869.02,23640.43,23857.67
6-October-2022,23968.93,24102.29,23968.93,23996.95
7-October-2022,23955.47,23995.86,23819.11,23966.56
10-October-2022,23665.55,23890.34,23618.05,23833.57
11-October-2022,23860.11,23870.05,23427.69,23465.25
12-October-2022,23515.29,23662.08,23396.55,23638.84
13-October-2022,23611.97,23643.49,23407.91,23481.48
14-October-2022,23816.52,23886.47,23601.41,23619.49
17-October-2022,23545.60,23786.03,23461.85,23767.06
18-October-2022,23889.23,24025.51,23889.23,24001.20
19-October-2022,24078.29,24155.14,23974.11,24018.56
20-October-2022,23914.57,24116.53,23877.90,24088.67
21-October-2022,24143.24,24201.29,23976.78,24048.58
24-October-2022,24243.56,24312.95,24212.94,24233.63
25-October-2022,24276.15,24301.08,24151.47,24169.68
27-October-2022,24251.93,24350.75,24193.17,24302.80
28-October-2022,24303.88,24380.16,24223.88,24300.48
31-October-2022,24390.94,24606.03,24390.94,24589.55
1-November-2022,24675.48,24790.44,24656.11,24778.23
2-November-2022,24780.86,24808.18,24674.02,24713.33
3-November-2022,24560.08,24751.94,24553.37,24699.03
4-November-2022,24669.48,24787.80,24648.71,24768.89
7-November-2022,24854.33,24951.94,24729.38,24902.62
9-November-2022,24947.12,24998.37,24780.33,24830.42
10-November-2022,24673.57,24758.72,24545.33,24630.73
11-November-2022,24890.30,24978.28,24890.30,24959.57
14-November-2022,24952.90,25010.05,24925.32,24956.89
15-November-2022,24951.65,25045.13,24886.43,25021.62
16-November-2022,24976.65,25045.20,24880.87,24966.66
17-November-2022,24905.21,24963.16,24826.48,24860.84
18-November-2022,24898.44,24936.91,24667.40,24788.61
21-November-2022,24715.39,24721.76,24595.01,24627.77
22-November-2022,24623.38,24727.10,24604.09,24715.51
23-November-2022,24814.13,24816.89,24737.02,24760.12
24-November-2022,24807.62,25026.82,24807.62,24990.95
25-November-2022,25011.49,25083.32,24971.14,25054.44
28-November-2022,24974.17,25202.11,24963.44,25150.52
29-November-2022,25108.81,25266.35,25108.75,25191.27
30-November-2022,25215.82,25479.82,25205.12,25406.76
1-December-2022,25503.75,25554.25,25449.45,25497.09
2-December-2022,25420.74,25464.80,25344.24,25429.03
5-December-2022,25443.65,25470.75,25300.59,25433.61
6-December-2022,25308.60,25387.85,25301.90,25362.52
7-December-2022,25365.07,25415.32,25232.55,25268.60
8-December-2022,25304.75,25359.28,25268.33,25343.58
9-December-2022,25401.31,25431.80,25047.88,25184.10
12-December-2022,25066.03,25218.07,24986.17,25201.07
13-December-2022,25270.74,25334.97,25209.24,25318.96
14-December-2022,25376.60,25457.88,25376.32,25416.42
15-December-2022,25378.09,25425.78,25094.01,25127.88
16-December-2022,25007.40,25155.23,24883.28,24894.88
19-December-2022,24911.92,25098.20,24853.69,25084.56
20-December-2022,25022.61,25062.28,24811.59,25036.01
21-December-2022,25127.21,25177.09,24680.21,24723.71
22-December-2022,24778.32,24891.01,24475.26,24566.74
23-December-2022,24301.77,24433.34,23913.81,23955.55
26-December-2022,23882.48,24440.00,23865.88,24353.57
27-December-2022,24492.53,24570.80,24331.05,24547.30
28-December-2022,24518.76,24630.88,24467.30,24576.49
29-December-2022,24477.71,24699.86,24376.60,24660.88
30-December-2022,24756.73,24815.72,24571.72,24605.78
2-January-2023,24643.05,24740.76,24580.08,24722.04
3-January-2023,24708.00,24801.94,24685.39,24775.92
4-January-2023,24777.42,24797.02,24486.99,24511.44
5-January-2023,24585.25,24617.27,24342.22,24496.75
6-January-2023,24503.82,24547.73,24239.21,24317.56
9-January-2023,24431.87,24637.09,24431.87,24602.37
10-January-2023,24625.54,24627.01,24305.75,24401.13
11-January-2023,24418.90,24481.31,24296.33,24368.16
12-January-2023,24386.24,24437.98,24212.73,24331.33
13-January-2023,24363.01,24477.30,24232.21,24436.73
16-January-2023,24510.09,24555.55,24327.52,24373.28
17-January-2023,24391.40,24536.96,24356.06,24518.73
18-January-2023,24546.09,24652.39,24492.93,24631.79
19-January-2023,24568.55,24614.47,24508.38,24560.65
20-January-2023,24559.92,24597.39,24429.78,24444.81
23-January-2023,24518.90,24576.60,24480.39,24532.98
24-January-2023,24588.14,24624.42,24473.05,24505.22
25-January-2023,24448.66,24467.95,24127.58,24164.16
27-January-2023,24127.18,24137.25,23541.01,23688.98
30-January-2023,23541.48,23816.00,23369.49,23647.14
31-January-2023,23724.47,23821.16,23551.95,23778.46
1-February-2023,23936.90,24124.77,23284.33,23629.77
2-February-2023,23532.87,23697.40,23406.63,23620.09
3-February-2023,23706.66,23826.48,23469.70,23812.75
6-February-2023,23793.41,23794.26,23668.65,23765.52
7-February-2023,23754.30,23823.16,23628.24,23710.99
8-February-2023,23735.83,23938.16,23733.45,23908.58
9-February-2023,23921.00,23948.34,23796.02,23908.86
10-February-2023,23854.22,23910.64,23812.70,23880.00
13-February-2023,23861.46,23892.07,23665.62,23700.00
14-February-2023,23721.27,23839.89,23670.27,23807.95
15-February-2023,23782.96,23941.23,23740.51,23916.38
16-February-2023,24003.80,24074.56,23955.28,23991.92
17-February-2023,23889.95,23980.61,23809.83,23863.44
20-February-2023,23881.07,23918.77,23734.18,23761.29
21-February-2023,23790.72,23849.57,23695.57,23724.19
22-February-2023,23616.89,23640.23,23345.76,23382.96
23-February-2023,23384.55,23446.26,23222.97,23333.04
24-February-2023,23405.54,23442.49,23219.64,23268.45
27-February-2023,23210.63,23215.33,23004.17,23135.15
28-February-2023,23140.21,23190.29,23021.07,23084.79
1-March-2023,23129.01,23333.41,23127.17,23316.04
2-March-2023,23286.62,23324.45,23181.17,23196.45
3-March-2023,23319.64,23555.78,23319.56,23496.20
6-March-2023,23571.44,23762.12,23570.32,23665.32
8-March-2023,23566.28,23752.25,23525.87,23734.54
9-March-2023,23782.13,23785.16,23531.20,23554.35
10-March-2023,23367.98,23373.41,23218.65,23353.35
13-March-2023,23299.09,23473.22,22948.38,22998.15
14-March-2023,22968.57,23067.53,22767.01,22848.21
15-March-2023,22979.56,23058.58,22750.00,22781.17
16-March-2023,22751.79,22891.44,22578.59,22805.76
17-March-2023,22952.70,23015.91,22801.22,22944.86
20-March-2023,22842.40,22867.09,22592.37,22778.79
21-March-2023,22878.66,22954.68,22816.42,22928.88
22-March-2023,22995.90,23064.73,22963.16,23003.85
23-March-2023,22949.19,23055.22,22893.90,22913.80
24-March-2023,22910.34,22961.02,22679.53,22716.65
27-March-2023,22717.73,22825.04,22648.64,22686.98
28-March-2023,22712.98,22749.79,22556.39,22608.39
29-March-2023,22574.03,22869.51,22573.31,22822.89
31-March-2023,22915.72,23190.43,22915.72,23160.01
3-April-2023,23225.17,23244.35,23134.13,23226.81
5-April-2023,23214.15,23413.63,23214.15,23397.11
6-April-2023,23371.96,23515.50,23337.94,23475.05
10-April-2023,23494.48,23592.79,23491.20,23526.36
11-April-2023,23589.34,23691.33,23564.75,23652.45
12-April-2023,23665.44,23781.14,23659.27,23768.47
13-April-2023,23762.58,23805.92,23679.65,23789.46
17-April-2023,23753.37,23761.19,23533.06,23706.00
18-April-2023,23726.87,23778.82,23626.67,23693.71
19-April-2023,23696.36,23707.16,23596.15,23629.61
20-April-2023,23631.06,23710.25,23599.00,23638.12
21-April-2023,23615.37,23685.49,23526.56,23611.55
24-April-2023,23663.52,23758.88,23610.97,23745.87
25-April-2023,23781.06,23830.46,23729.33,23787.08
26-April-2023,23762.26,23868.69,23734.65,23851.41
27-April-2023,23855.45,23998.40,23849.49,23983.88
28-April-2023,24011.35,24239.64,23987.72,24209.37
2-May-2023,24273.81,24388.67,24269.61,24344.14
3-May-2023,24295.16,24351.27,24250.39,24304.65
4-May-2023,24327.21,24524.21,24288.93,24506.33
5-May-2023,24368.06,24491.83,24287.40,24306.42
8-May-2023,24334.75,24563.57,24334.66,24543.58
9-May-2023,24575.14,24660.76,24490.82,24528.82
10-May-2023,24558.50,24614.20,24454.50,24603.76
11-May-2023,24672.44,24688.83,24598.91,24631.35
12-May-2023,24618.85,24667.46,24502.97,24622.46
15-May-2023,24641.26,24801.82,24600.51,24733.55
16-May-2023,24781.63,24802.82,24612.17,24639.78
17-May-2023,24642.52,24665.37,24444.81,24536.52
18-May-2023,24650.25,24673.55,24410.92,24429.35
19-May-2023,24456.86,24522.89,24302.28,24504.07
22-May-2023,24468.07,24678.06,24468.02,24655.58
23-May-2023,24714.83,24802.32,24696.28,24716.45
24-May-2023,24681.15,24795.79,24641.39,24673.29
25-May-2023,24647.12,24758.94,24610.29,24739.67
26-May-2023,24763.41,24975.96,24760.72,24962.81
29-May-2023,25055.11,25134.58,25055.11,25080.82
30-May-2023,25074.05,25150.32,25049.67,25109.52
31-May-2023,25068.47,25093.59,24963.55,25059.67
1-June-2023,25090.70,25146.90,25020.92,25042.42
2-June-2023,25110.95,25168.97,25070.69,25122.99
5-June-2023,25196.66,25262.93,25193.03,25201.20
6-June-2023,25200.45,25256.35,25134.20,25233.59
7-June-2023,25283.98,25447.95,25283.97,25431.10
8-June-2023,25451.18,25500.81,25278.11,25296.57
9-June-2023,25302.54,25359.40,25210.97,25224.55
12-June-2023,25242.51,25329.43,25221.35,25302.89
13-June-2023,25329.03,25506.74,25329.02,25496.65
14-June-2023,25504.37,25562.86,25472.88,25549.04
15-June-2023,25536.11,25635.23,25476.79,25502.55
16-June-2023,25528.41,25744.31,25527.89,25698.79
19-June-2023,25738.40,25800.28,25598.09,25631.66
20-June-2023,25634.74,25749.76,25538.53,25716.36
21-June-2023,25776.39,25846.24,25728.74,25789.55
22-June-2023,25813.00,25817.83,25605.12,25621.85
23-June-2023,25585.68,25596.18,25398.63,25419.56
26-June-2023,25392.29,25527.70,25392.29,25506.62
27-June-2023,25564.83,25673.97,25564.83,25660.64
28-June-2023,25747.06,25866.11,25736.27,25841.24
30-June-2023,25878.04,26092.65,25877.86,26078.65
3-July-2023,26132.03,26255.73,26132.03,26230.37
4-July-2023,26315.38,26350.00,26194.29,26278.33
5-July-2023,26293.53,26365.18,26254.77,26343.66
6-July-2023,26341.47,26509.62,26323.18,26497.12
7-July-2023,26429.91,26533.71,26261.45,26294.33
10-July-2023,26357.61,26378.93,26239.06,26276.81
11-July-2023,26349.56,26503.03,26348.93,26422.79
12-July-2023,26472.02,26506.23,26389.68,26408.00
13-July-2023,26495.21,26624.55,26346.76,26391.97
14-July-2023,26476.16,26642.92,26438.12,26612.59
17-July-2023,26639.00,26799.95,26638.93,26780.18
18-July-2023,26846.38,26889.89,26702.13,26786.23
19-July-2023,26823.97,26928.28,26795.96,26910.77
20-July-2023,26920.00,27061.06,26849.93,27045.09
21-July-2023,26858.12,26958.81,26775.48,26816.71
24-July-2023,26810.19,26892.26,26737.18,26758.33
25-July-2023,26810.14,26837.04,26712.22,26808.31
26-July-2023,26850.26,26993.90,26849.17,26934.87
27-July-2023,26994.22,27066.39,26775.05,26851.51
28-July-2023,26865.08,26912.88,26786.10,26893.17
31-July-2023,26907.48,27091.34,26881.22,27069.01
1-August-2023,27082.07,27137.43,27019.31,27054.60
2-August-2023,26961.27,26991.50,26592.81,26752.71
3-August-2023,26671.57,26782.34,26489.35,26617.02
4-August-2023,26711.68,26839.66,26711.53,26800.55
7-August-2023,26711.68,26839.66,26711.53,26800.55
8-August-2023,26942.18,26956.17,26795.69,26888.29
9-August-2023,26889.46,26987.79,26781.44,26969.85
10-August-2023,26971.36,26991.59,26814.96,26875.85
11-August-2023,26915.04,26916.95,26726.11,26747.06
14-August-2023,26669.85,26739.55,26436.80,26692.04
16-August-2023,26615.99,26767.09,26552.31,26740.32
17-August-2023,26730.34,26768.94,26627.74,26655.59
18-August-2023,26613.03,26661.52,26533.25,26584.59
21-August-2023,26563.74,26769.54,26563.72,26735.62
22-August-2023,26778.10,26855.92,26768.58,26821.65
23-August-2023,26875.40,26943.59,26835.38,26892.81
24-August-2023,27008.15,27093.20,26833.29,26858.29
25-August-2023,26784.44,26821.08,26632.52,26690.68
28-August-2023,26720.71,26842.65,26695.68,26774.43
29-August-2023,26842.47,26878.54,26815.37,26859.95
30-August-2023,26953.67,27033.75,26912.13,26923.17
31-August-2023,26954.96,26994.12,26819.27,26848.76
1-September-2023,26858.22,27099.27,26851.19,27079.48
4-September-2023,27151.77,27254.47,27127.40,27237.14
5-September-2023,27277.94,27373.01,27276.61,27353.85
6-September-2023,27366.46,27423.75,27268.41,27401.79
7-September-2023,27407.71,27572.44,27380.74,27558.08
8-September-2023,27614.39,27768.60,27602.00,27718.99
11-September-2023,27813.07,27987.79,27806.30,27976.63
12-September-2023,28116.14,28128.90,27622.33,27677.59
13-September-2023,27646.36,27803.53,27527.81,27781.84
14-September-2023,27875.49,27976.96,27816.64,27904.05
15-September-2023,27975.53,28043.32,27937.78,28008.55
18-September-2023,27985.58,28014.80,27899.90,27917.97
20-September-2023,27766.72,27856.47,27617.13,27661.22
21-September-2023,27591.83,27620.89,27382.47,27428.96
22-September-2023,27426.28,27521.65,27309.00,27356.12
25-September-2023,27381.84,27427.47,27261.74,27373.48
26-September-2023,27402.95,27438.11,27338.49,27374.02
27-September-2023,27397.34,27495.51,27284.97,27479.02
28-September-2023,27596.40,27596.40,27179.98,27213.53
29-September-2023,27320.35,27509.72,27270.73,27407.75
3-October-2023,27423.02,27423.04,27265.79,27341.58
4-October-2023,27294.04,27294.13,26997.77,27138.62
5-October-2023,27295.33,27310.66,27188.33,27251.23
6-October-2023,27352.06,27429.67,27316.18,27401.70
9-October-2023,27140.49,27266.72,27092.75,27133.98
10-October-2023,27188.31,27441.59,27188.31,27414.77
11-October-2023,27537.99,27646.17,27527.73,27579.17
12-October-2023,27650.94,27665.90,27582.36,27603.17
13-October-2023,27493.65,27631.89,27437.12,27560.74
16-October-2023,27564.19,27618.25,27500.96,27556.58
17-October-2023,27710.51,27720.53,27635.00,27677.66
18-October-2023,27719.12,27719.12,27462.31,27478.04
19-October-2023,27357.21,27478.97,27259.46,27417.67
20-October-2023,27370.44,27399.73,27240.52,27261.48
23-October-2023,27278.60,27285.63,26706.79,26746.23
25-October-2023,26792.06,26879.89,26423.45,26550.02
26-October-2023,26433.23,26433.34,26091.16,26221.40
27-October-2023,26377.91,26601.85,26353.42,26548.45
30-October-2023,26613.81,26664.45,26391.15,26644.35
31-October-2023,26788.20,26791.30,26583.23,26605.19
1-November-2023,26627.08,26650.19,26476.67,26494.41
2-November-2023,26681.60,26766.93,26639.51,26745.39
3-November-2023,26902.74,26962.75,26887.51,26917.85
6-November-2023,27101.87,27182.25,27050.41,27168.96
7-November-2023,27212.04,27224.36,27108.99,27210.70
8-November-2023,27315.27,27334.15,27249.84,27315.13
9-November-2023,27369.44,27369.44,27248.79,27262.45
10-November-2023,27251.63,27337.92,27155.71,27307.15
12-November-2023,27547.17,27547.17,27457.76,27472.30
13-November-2023,27451.05,27451.41,27340.81,27397.03
15-November-2023,27614.98,27715.91,27604.62,27696.70
16-November-2023,27732.28,27950.88,27668.12,27830.55
17-November-2023,27786.41,27918.65,27741.10,27841.96
20-November-2023,27882.45,27897.67,27779.56,27803.07
21-November-2023,27883.55,27938.26,27865.92,27878.73
22-November-2023,27880.50,27924.19,27738.68,27880.71
23-November-2023,27924.02,27985.41,27884.75,27900.93
24-November-2023,27935.15,27972.26,27888.31,27903.66
28-November-2023,27975.19,28083.77,27937.58,28057.77
29-November-2023,28177.37,28320.31,28177.37,28305.34
30-November-2023,28364.34,28467.88,28221.71,28442.43
1-December-2023,28553.41,28681.71,28542.41,28639.22
4-December-2023,29083.87,29182.92,28960.84,29164.88
5-December-2023,29286.41,29405.48,29184.09,29393.89
6-December-2023,29518.77,29574.32,29411.70,29540.16
7-December-2023,29585.11,29608.05,29448.92,29584.41
8-December-2023,29674.33,29711.71,29399.54,29581.00
11-December-2023,29649.85,29702.91,29610.28,29686.17
12-December-2023,29758.44,29758.80,29469.13,29547.24
13-December-2023,29613.35,29674.28,29409.52,29646.19
14-December-2023,29872.35,30030.31,29872.35,29999.07
15-December-2023,30131.36,30295.60,30072.73,30266.81
18-December-2023,30289.67,30355.49,30155.47,30279.67
19-December-2023,30366.07,30385.16,30144.97,30303.95
20-December-2023,30439.34,30518.11,29613.88,29685.12
21-December-2023,29411.68,29985.55,29379.79,29949.13
22-December-2023,30088.68,30181.01,29932.10,30123.53
26-December-2023,30191.21,30316.55,30141.18,30277.19
27-December-2023,30386.13,30529.82,30340.25,30502.30
28-December-2023,30607.74,30692.80,30533.54,30671.72
29-December-2023,30695.81,30755.42,30582.26,30720.28
1-January-2024,30769.54,30901.84,30707.90,30785.67
2-January-2024,30859.72,30859.80,30475.32,30702.07
3-January-2024,30733.62,30739.77,30592.64,30621.23
4-January-2024,30771.25,30922.83,30733.36,30891.80
5-January-2024,31002.43,31047.46,30816.61,30971.04
8-January-2024,31055.95,31056.07,30673.13,30694.41
9-January-2024,30904.98,30977.92,30731.04,30761.38
10-January-2024,30797.06,30881.22,30606.20,30858.60
11-January-2024,30989.80,31032.87,30882.50,30961.04
12-January-2024,31134.98,31274.58,31047.75,31215.69
15-January-2024,31418.78,31459.22,31253.65,31440.70
16-January-2024,31473.62,31500.80,31207.65,31346.19
17-January-2024,30991.83,31159.26,30784.45,30808.23
18-January-2024,30668.72,30778.23,30264.47,30693.11
19-January-2024,30950.27,31024.05,30886.56,31000.47
20-January-2024,31154.28,31179.18,30967.05,30992.54
23-January-2024,31198.90,31237.61,30298.09,30370.48
24-January-2024,30365.49,30787.84,30176.35,30756.68
25-January-2024,30804.30,30809.15,30501.64,30669.27
29-January-2024,30804.55,31198.54,30774.16,31175.72
30-January-2024,31273.14,31308.02,30928.54,30948.54
31-January-2024,30979.73,31317.81,30910.45,31303.35
1-February-2024,31437.09,31437.12,31147.88,31254.33
2-February-2024,31417.18,31768.37,31416.87,31471.57
5-February-2024,31597.98,31671.84,31303.72,31374.18
6-February-2024,31505.48,31680.92,31335.34,31661.80
7-February-2024,31855.61,31868.88,31628.07,31776.40
8-February-2024,31936.40,31938.81,31525.87,31590.02
9-February-2024,31631.74,31658.35,31195.77,31540.02
12-February-2024,31623.31,31624.28,31038.10,31097.18
13-February-2024,31138.08,31292.20,30845.83,31273.51
14-February-2024,31049.72,31523.15,30956.23,31494.22
15-February-2024,31638.37,31723.05,31547.10,31678.93
19-February-2024,32021.25,32095.01,31896.17,31997.65
20-February-2024,32041.18,32071.64,31925.11,32046.82
21-February-2024,32148.48,32160.54,31743.78,31818.70
22-February-2024,31895.99,32104.94,31634.14,32072.10
23-February-2024,32196.35,32200.71,32064.12,32115.37
26-February-2024,32123.05,32152.70,31957.62,32025.05
27-February-2024,32041.91,32136.82,31988.80,32079.15
28-February-2024,32147.48,32148.00,31601.94,31639.80
29-February-2024,31637.08,31877.82,31470.28,31777.02
1-March-2024,31900.97,32199.66,31890.43,32180.25
2-March-2024,32284.03,32313.04,32256.09,32285.63
4-March-2024,32348.79,32370.08,32233.45,32299.06
5-March-2024,32300.31,32317.23,32148.30,32226.64
6-March-2024,32214.13,32241.94,31848.95,32220.89
7-March-2024,32305.42,32368.50,32236.43,32311.54
11-March-2024,32380.64,32383.00,32049.70,32079.33
12-March-2024,32109.97,32148.81,31852.09,31899.19
13-March-2024,31988.96,32018.73,30927.55,31073.54
14-March-2024,30910.88,31535.24,30878.95,31509.46
15-March-2024,31473.02,31543.80,31123.57,31360.67
18-March-2024,31335.49,31471.01,31187.92,31387.34
19-March-2024,31339.88,31339.88,31002.50,31023.13
20-March-2024,31091.94,31160.58,30800.77,31058.15
21-March-2024,31292.38,31497.19,31292.38,31469.62
26-March-2024,31513.77,31694.42,31490.75,31635.97
27-March-2024,31758.44,31895.14,31731.13,31765.52
28-March-2024,31882.43,32227.97,31857.44,32043.20
1-April-2024,32231.47,32413.64,32231.47,32393.59
2-April-2024,32454.29,32534.53,32379.74,32513.29
3-April-2024,32492.22,32654.66,32399.25,32567.82
4-April-2024,32810.54,32832.40,32459.78,32655.68
5-April-2024,32685.90,32751.68,32571.64,32723.97
8-April-2024,32894.51,32965.87,32815.59,32890.84
9-April-2024,33061.95,33061.97,32780.17,32848.16
10-April-2024,32980.46,33075.63,32907.27,33045.80
12-April-2024,33018.82,33070.85,32755.43,32772.26
15-April-2024,32074.46,32588.12,32074.46,32365.11
16-April-2024,32168.83,32378.45,32114.09,32269.59
18-April-2024,32434.25,32559.20,32043.56,32097.36
19-April-2024,31862.72,32263.26,31654.71,32199.48
22-April-2024,32464.05,32528.99,32327.02,32489.88
23-April-2024,32669.61,32671.16,32552.77,32589.50
24-April-2024,32710.64,32785.97,32679.14,32716.27
25-April-2024,32671.61,32970.57,32644.95,32929.34
26-April-2024,33023.06,33047.85,32849.24,32877.25
29-April-2024,33034.96,33156.76,32912.05,33139.16
30-April-2024,33245.62,33381.68,33104.01,33142.57
2-May-2024,33179.40,33349.76,33165.14,33282.09
3-May-2024,33462.68,33476.11,32885.29,33078.63
6-May-2024,33242.19,33244.57,32849.45,32940.93
7-May-2024,33007.73,33011.20,32459.12,32590.07
8-May-2024,32504.18,32798.52,32404.17,32701.87
9-May-2024,32762.61,32762.61,32095.86,32131.88
10-May-2024,32215.14,32357.61,32080.20,32334.65
13-May-2024,32328.20,32452.46,31897.00,32412.12
14-May-2024,32462.17,32714.79,32406.09,32674.67
15-May-2024,32779.35,32867.53,32669.11,32755.09
16-May-2024,32913.12,33088.13,32643.15,33056.88
17-May-2024,33121.26,33289.64,33059.89,33267.49
18-May-2024,33345.05,33422.48,33345.05,33379.66
21-May-2024,33390.16,33520.54,33275.03,33456.67
22-May-2024,33598.11,33598.11,33326.87,33547.23
23-May-2024,33615.52,33964.21,33562.86,33941.03
24-May-2024,33929.64,34068.19,33873.48,33931.48
27-May-2024,34089.61,34136.87,33866.61,33947.66
28-May-2024,34057.62,34057.62,33724.30,33782.89
29-May-2024,33670.35,33743.07,33572.20,33584.03
30-May-2024,33558.12,33590.42,33165.47,33247.27
31-May-2024,33408.12,33475.80,33206.07,33344.28
3-June-2024,34568.16,34634.55,34179.86,34449.55
4-June-2024,34442.88,34444.79,31041.54,32132.96
5-June-2024,32560.06,33345.55,31812.96,33289.72
6-June-2024,33646.87,33921.45,33515.62,33779.99
7-June-2024,33828.11,34427.40,33726.11,34402.70
10-June-2024,34603.74,34663.91,34395.85,34463.50
11-June-2024,34586.15,34713.83,34433.79,34539.46
12-June-2024,34669.10,34810.62,34629.13,34704.05
13-June-2024,34951.04,34959.06,34758.67,34884.01
14-June-2024,34972.31,35122.02,34852.18,35099.19
18-June-2024,35248.66,35287.63,35161.29,35276.03
19-June-2024,35394.82,35399.34,34965.05,35111.45
20-June-2024,35223.33,35280.06,35047.52,35240.94
21-June-2024,35369.15,35380.28,35046.10,35112.57
24-June-2024,35010.04,35236.00,34870.60,35206.43
25-June-2024,35323.54,35366.15,35201.50,35334.24
26-June-2024,35371.54,35484.68,35243.12,35440.26
27-June-2024,35503.70,35655.41,35383.04,35601.65
28-June-2024,35706.07,35814.54,35596.95,35633.91
1-July-2024,35695.48,35914.70,35648.75,35894.40
2-July-2024,36046.88,36050.21,35689.03,35821.13
3-July-2024,36049.44,36128.78,35960.08,36096.07
4-July-2024,36238.58,36267.70,36125.75,36195.72
5-July-2024,36160.32,36355.66,36079.11,36315.81
8-July-2024,36363.36,36394.14,36176.60,36281.82
9-July-2024,36414.51,36464.81,36300.52,36444.29
10-July-2024,36544.14,36544.18,35848.54,36308.37
11-July-2024,36443.98,36443.98,36200.36,36357.56
12-July-2024,36472.54,36644.17,36372.26,36485.93
15-July-2024,36611.50,36703.81,36470.76,36662.60
16-July-2024,36753.59,36790.93,36624.87,36656.10
18-July-2024,36619.36,36703.13,36335.22,36662.75
19-July-2024,36708.07,36708.07,36067.01,36100.97
22-July-2024,35958.50,36338.73,35817.53,36241.36
23-July-2024,36378.83,36386.09,35251.61,36120.05
24-July-2024,36139.06,36277.41,36054.61,36204.55
25-July-2024,35966.98,36235.30,35910.37,36199.79
26-July-2024,36307.23,36822.66,36281.36,36795.89
29-July-2024,37006.20,37120.76,36852.34,36963.28
30-July-2024,37017.92,37171.52,36939.02,37033.62
31-July-2024,37178.13,37202.61,37064.72,37172.81
1-August-2024,37296.23,37338.48,37006.90,37132.84
2-August-2024,36802.66,36950.24,36695.19,36747.98
5-August-2024,35566.26,36134.37,35394.27,35615.95
6-August-2024,35740.46,36202.60,35410.95,35461.87
7-August-2024,35968.47,36143.01,35798.32,36117.84
8-August-2024,36154.86,36188.76,35838.73,35872.01
9-August-2024,36306.91,36310.62,36129.98,36210.76
12-August-2024,35994.98,36320.52,35949.63,36201.68
13-August-2024,36259.57,36269.64,35835.31,35861.57
14-August-2024,35963.88,35963.88,35711.09,35810.03
16-August-2024,36086.59,36439.03,35941.76,36416.03
19-August-2024,36579.83,36630.11,36489.17,36543.64
20-August-2024,36691.61,36782.44,36602.66,36766.36
21-August-2024,36777.26,36922.88,36730.02,36903.21
22-August-2024,37066.92,37068.73,36974.25,37012.52
23-August-2024,37095.64,37107.60,36943.00,36972.80
26-August-2024,37142.32,37223.59,37055.60,37195.12
27-August-2024,37257.48,37310.85,37195.05,37257.85
28-August-2024,37338.79,37376.32,37175.01,37276.16
29-August-2024,37309.08,37352.52,37097.26,37302.50
30-August-2024,37489.00,37517.84,37373.89,37459.06
2-September-2024,37621.50,37621.51,37402.88,37502.59
3-September-2024,37596.85,37601.04,37524.64,37548.28
4-September-2024,37157.61,37507.69,37156.49,37487.02
5-September-2024,37601.71,37635.72,37476.54,37496.80
6-September-2024,37528.96,37548.67,36983.31,37054.24
9-September-2024,36974.84,37139.62,36766.44,37097.47
10-September-2024,37237.04,37417.13,37138.37,37313.25
11-September-2024,37366.22,37436.06,37091.18,37140.18
12-September-2024,37355.85,37764.11,37242.73,37720.89
13-September-2024,37820.07,37820.07,37696.80,37757.29
16-September-2024,37878.50,37905.31,37736.46,37804.18
17-September-2024,37854.77,37867.86,37716.58,37806.44
18-September-2024,37827.09,37847.22,37526.35,37668.29
19-September-2024,37860.52,37964.37,37380.08,37616.67
20-September-2024,37794.31,38213.85,37665.09,38157.50
23-September-2024,38262.66,38451.51,38248.65,38433.92
24-September-2024,38471.78,38502.84,38390.93,38445.64
25-September-2024,38458.15,38458.15,38257.42,38415.65
26-September-2024,38459.20,38639.98,38370.97,38620.05
27-September-2024,38673.79,38740.08,38579.02,38614.95
30-September-2024,38516.41,38553.11,38190.29,38227.64
1-October-2024,38255.49,38362.95,38145.23,38265.16
3-October-2024,37670.29,38023.18,37386.92,37452.29
4-October-2024,37360.85,37705.99,37025.99,37092.33
7-October-2024,37202.83,37293.51,36405.56,36550.05
8-October-2024,36341.02,37111.91,36339.60,37066.19
9-October-2024,37273.74,37505.13,37158.69,37200.99
10-October-2024,37374.26,37439.67,37168.41,37190.94
11-October-2024,37199.94,37277.20,37110.18,37203.52
14-October-2024,37302.56,37389.66,37258.55,37374.44
15-October-2024,37478.02,37512.71,37279.29,37392.36
16-October-2024,37361.52,37448.44,37170.07,37290.96
17-October-2024,37381.80,37385.23,36821.57,36841.12
18-October-2024,36720.42,36982.94,36446.59,36927.00
21-October-2024,37095.03,37123.36,36610.15,36661.79
22-October-2024,36673.73,36722.36,35926.89,35961.33
23-October-2024,35838.99,36225.72,35748.07,35994.45
24-October-2024,36037.24,36076.75,35856.68,35917.15
25-October-2024,35969.16,35991.90,35260.15,35458.88
28-October-2024,35475.15,35860.42,35321.87,35698.13
29-October-2024,35767.18,35944.00,35387.90,35921.51
30-October-2024,35901.91,36075.15,35752.57,35845.27
31-October-2024,35921.34,35921.34,35639.92,35738.11
1-November-2024,36036.98,36041.64,35921.14,35951.72
4-November-2024,35972.19,35972.19,35229.66,35474.13
5-November-2024,35382.90,35743.50,35194.50,35712.44
6-November-2024,35885.10,36303.95,35781.76,36271.20
7-November-2024,36405.72,36405.72,35889.10,35903.63
8-November-2024,35967.26,35981.51,35596.37,35663.87
11-November-2024,35598.59,35857.19,35412.11,35580.38
12-November-2024,35670.48,35786.24,35103.93,35161.57
13-November-2024,35053.27,35138.34,34457.49,34533.58
14-November-2024,34531.76,34807.35,34519.57,34600.01
18-November-2024,34721.77,34728.10,34321.03,34497.01
19-November-2024,34618.84,35013.23,34573.38,34650.83
21-November-2024,34615.76,34615.76,34166.54,34361.41
22-November-2024,34418.97,35051.27,34370.27,35009.77
25-November-2024,35535.15,35711.79,35454.49,35528.25
26-November-2024,35666.14,35702.95,35468.25,35530.27
27-November-2024,35625.70,35800.76,35486.93,35732.57
28-November-2024,35804.86,35930.15,35394.54,35453.79
29-November-2024,35504.57,35790.21,35482.47,35726.11
2-December-2024,35735.15,35967.58,35593.78,35957.40
3-December-2024,36098.89,36264.85,36024.44,36246.75
4-December-2024,36380.38,36448.32,36191.66,36370.69
5-December-2024,36504.59,36755.28,36201.36,36619.24
6-December-2024,36707.45,36754.23,36546.40,36681.01
9-December-2024,36681.39,36737.41,36564.51,36639.05
10-December-2024,36713.65,36722.88,36529.09,36675.82
11-December-2024,36717.16,36797.65,36660.63,36736.37
12-December-2024,36760.05,36781.64,36555.91,36579.30
13-December-2024,36529.90,36771.51,35999.68,36746.91
16-December-2024,36750.60,36829.35,36619.74,36720.34
17-December-2024,36679.24,36718.12,36277.04,36304.88
18-December-2024,36340.29,36360.25,35979.25,36061.25
19-December-2024,35497.75,35813.13,35492.05,35762.67
20-December-2024,35844.22,35921.70,35025.81,35082.25
23-December-2024,35281.31,35426.27,35116.97,35231.44
24-December-2024,35304.44,35398.04,35131.54,35222.65
26-December-2024,35289.35,35361.20,35111.80,35265.03
27-December-2024,35329.31,35461.58,35273.72,35291.42
30-December-2024,35295.62,35412.19,35025.02,35178.37
31-December-2024,35058.51,35250.02,34854.32,35189.03
1-January-2025,35259.10,35405.83,35092.66,35352.14
2-January-2025,35431.06,35896.33,35357.18,35878.66
3-January-2025,35956.42,35956.42,35667.47,35702.07
6-January-2025,35758.04,35791.09,34862.05,34951.07
7-January-2025,34974.01,35281.23,34974.01,35135.64
8-January-2025,35198.17,35198.21,34707.11,34958.85
9-January-2025,34979.50,34979.50,34652.81,34678.20
10-January-2025,34684.81,34718.55,34194.65,34287.66
13-January-2025,33931.65,34025.31,33344.63,33413.46
14-January-2025,33435.41,33854.26,33435.41,33776.55
15-January-2025,33979.14,34004.22,33720.94,33877.55
16-January-2025,34190.44,34226.82,34095.05,34136.78
17-January-2025,34177.29,34177.29,33908.51,34083.34
20-January-2025,34249.48,34344.86,34000.72,34279.07
21-January-2025,34384.15,34384.15,33664.18,33693.47
22-January-2025,33798.02,33802.01,33318.56,33650.82
23-January-2025,33659.09,33960.73,33573.79,33870.03
24-January-2025,33882.87,33983.21,33472.31,33525.19
27-January-2025,33293.63,33293.63,32832.92,32903.27
28-January-2025,33003.05,33202.32,32677.75,32930.85
29-January-2025,33020.40,33455.16,33018.29,33434.59
30-January-2025,33538.17,33679.01,33384.25,33520.73
31-January-2025,33595.48,34005.30,33542.21,33962.66
1-February-2025,34107.55,34165.79,33661.91,33953.60
3-February-2025,33765.43,33765.58,33505.71,33685.04
4-February-2025,33917.71,34216.96,33796.16,34197.57
5-February-2025,34311.37,34405.59,34235.90,34267.23
6-February-2025,34399.08,34403.59,34020.16,34100.23
7-February-2025,34125.83,34233.06,33861.85,34049.02
10-February-2025,34051.70,34059.38,33518.44,33615.47
11-February-2025,33608.77,33610.40,32834.98,32969.92
12-February-2025,32933.24,33036.57,32342.82,32902.92
13-February-2025,32933.51,33226.66,32845.33,32894.16
14-February-2025,33014.61,33026.99,32233.33,32465.88
17-February-2025,32303.32,32524.17,32018.36,32504.98
18-February-2025,32552.51,32552.51,32219.48,32433.14
19-February-2025,32333.07,32723.66,32210.88,32607.77
20-February-2025,32516.07,32772.49,32461.25,32757.57
21-February-2025,32740.99,32869.00,32430.41,32535.94
24-February-2025,32340.35,32340.35,32144.04,32193.81
25-February-2025,32214.73,32322.63,32077.99,32122.71
27-February-2025,32197.81,32205.89,31918.21,31964.79
28-February-2025,31767.12,31780.90,31197.56,31296.85
3-March-2025,31368.64,31490.09,30967.74,31335.96
4-March-2025,31147.05,31422.99,31006.02,31369.65
5-March-2025,31383.63,31917.85,31354.57,31906.57
6-March-2025,32200.02,32235.26,31923.90,32200.42
7-March-2025,32233.03,32363.51,32105.87,32198.93
10-March-2025,32290.57,32355.05,31868.03,31922.79
11-March-2025,31695.60,32039.18,31632.72,31991.60
12-March-2025,32077.09,32131.86,31688.01,31919.62
13-March-2025,32080.23,32080.23,31762.45,31785.90
17-March-2025,31823.60,32070.63,31811.78,31966.21
18-March-2025,32163.59,32567.94,32102.69,32543.43
19-March-2025,32655.11,32898.82,32548.11,32852.82
20-March-2025,33085.25,33211.85,32877.71,33171.19
21-March-2025,33178.43,33524.83,33117.80,33487.78
24-March-2025,33745.88,33996.13,33606.41,33913.46
25-March-2025,34110.20,34122.50,33672.81,33761.03
26-March-2025,33802.44,33890.20,33472.24,33495.53
27-March-2025,33396.33,33753.96,33378.74,33711.61
28-March-2025,33760.08,33852.72,33491.39,33579.22
1-April-2025,33445.86,33671.46,33111.22,33153.99
2-April-2025,33217.99,33481.80,33063.55,33459.65
3-April-2025,33150.03,33445.25,33148.72,33420.86
4-April-2025,33354.43,33370.80,32635.34,32739.88
7-April-2025,30571.62,31784.33,30571.61,31664.36
8-April-2025,32141.69,32400.32,31845.31,32233.70
9-April-2025,32176.44,32176.44,31885.94,32044.58
11-April-2025,32617.87,32762.86,32485.69,32666.11
15-April-2025,33306.30,33516.24,33156.49,33482.62
16-April-2025,33573.58,33688.02,33436.81,33670.31
17-April-2025,33642.96,34145.82,33505.92,34109.67
21-April-2025,34281.93,34648.98,34189.94,34609.70
22-April-2025,34739.45,34842.64,34526.24,34730.29
23-April-2025,34948.42,34999.83,34586.89,34962.78
24-April-2025,34957.17,35013.35,34844.94,34880.67
25-April-2025,34907.48,35021.24,34081.02,34359.02
28-April-2025,34328.40,34798.62,34327.73,34765.79
29-April-2025,34849.46,35001.54,34741.76,34785.55
30-April-2025,34796.61,34880.05,34505.40,34640.35
2-May-2025,34646.74,34985.85,34498.51,34623.50
5-May-2025,34719.56,34942.74,34719.18,34918.71
6-May-2025,34957.76,34987.83,34490.18,34548.63
7-May-2025,34074.11,34740.09,34072.11,34722.20
8-May-2025,34794.46,34830.72,34187.69,34339.70
9-May-2025,33582.25,34164.79,33582.25,34105.30
12-May-2025,34821.85,35431.30,34776.55,35412.40
13-May-2025,35397.60,35502.42,35095.80,35144.23
14-May-2025,35230.39,35445.25,35179.19,35374.47
15-May-2025,35439.24,35872.76,35244.41,35836.63
16-May-2025,35867.31,35984.77,35791.43,35957.63
19-May-2025,36031.46,36108.78,35901.53,35953.27
20-May-2025,36041.66,36083.76,35489.22,35513.57
21-May-2025,35570.77,35868.80,35508.55,35742.34
22-May-2025,35659.16,35659.16,35338.06,35542.53
23-May-2025,35550.82,35860.29,35518.67,35813.43
26-May-2025,35927.07,36108.49,35906.73,36008.30
27-May-2025,35996.21,36098.55,35728.49,35874.97
28-May-2025,35885.06,35950.41,35788.78,35804.71
29-May-2025,35934.08,35994.67,35770.92,35933.41
30-May-2025,35920.97,35998.26,35758.68,35815.16
2-June-2025,35758.42,35892.33,35594.86,35857.90
3-June-2025,35943.30,36016.75,35617.86,35647.66
4-June-2025,35698.82,35817.74,35587.43,35791.49
5-June-2025,35895.41,36125.03,35824.11,35984.22
6-June-2025,36028.19,36359.37,35905.26,36338.97
9-June-2025,36511.77,36602.46,36482.85,36596.56
10-June-2025,36717.82,36729.81,36536.51,36608.83
11-June-2025,36666.79,36741.38,36510.19,36606.02
12-June-2025,36658.91,36664.51,36108.16,36153.50
13-June-2025,35544.55,35980.99,35518.46,35946.69
16-June-2025,35883.27,36260.04,35766.33,36241.28
17-June-2025,36287.43,36292.16,36037.47,36071.37
18-June-2025,36007.79,36206.52,35899.17,35982.58
19-June-2025,35974.59,36062.96,35671.86,35733.43
20-June-2025,35743.13,36191.50,35732.53,36157.56
23-June-2025,35822.58,36177.48,35821.93,36088.23
24-June-2025,36377.95,36559.63,36201.04,36254.90
25-June-2025,36418.23,36554.08,36383.34,36545.02
26-June-2025,36629.05,36915.80,36592.89,36895.95
