scheme_code,last_nav_date,status,mapped_successor
116811,2022-12-07,unresolved discontinuation,
118341,2022-12-07,unresolved discontinuation,
118344,2023-07-27,unresolved discontinuation,
118345,2023-07-27,unresolved discontinuation,
118347,2023-07-27,unresolved discontinuation,
118348,2023-07-27,unresolved discontinuation,
118349,2023-07-27,unresolved discontinuation,
118350,2023-07-27,unresolved discontinuation,
118452,2023-07-27,unresolved discontinuation,
118495,2022-08-07,unresolved discontinuation,
118512,2022-12-19,unresolved discontinuation,
118514,2022-12-19,unresolved discontinuation,
118516,2022-12-19,unresolved discontinuation,
118518,2022-12-19,unresolved discontinuation,
118519,2022-12-19,unresolved discontinuation,
118530,2022-08-07,unresolved discontinuation,
118553,2023-06-11,unresolved discontinuation,
118554,2021-12-12,unresolved discontinuation,
118560,2022-08-07,unresolved discontinuation,
118565,2025-05-02,unresolved discontinuation,
118583,2025-04-22,unresolved discontinuation,
118595,2025-04-22,unresolved discontinuation,
118598,2025-04-22,unresolved discontinuation,
118623,2025-04-22,unresolved discontinuation,
118804,2026-04-22,unresolved discontinuation,
118929,2022-01-14,unresolved discontinuation,
118931,2026-05-21,unresolved discontinuation,
119097,2022-09-23,unresolved discontinuation,
119127,2022-09-23,unresolved discontinuation,
119131,2026-07-10,NAV data gap,
119148,2022-07-15,unresolved discontinuation,
119156,2024-11-14,unresolved discontinuation,
119176,2022-07-15,unresolved discontinuation,
119186,2022-07-15,unresolved discontinuation,
119271,2024-10-03,unresolved discontinuation,
119283,2022-11-24,unresolved discontinuation,
119291,2022-11-24,unresolved discontinuation,
119298,2022-11-24,unresolved discontinuation,
119308,2022-11-24,unresolved discontinuation,
119326,2022-03-13,unresolved discontinuation,
119337,2022-03-13,unresolved discontinuation,
119347,2022-11-24,unresolved discontinuation,
119367,2022-03-13,unresolved discontinuation,
119389,2022-03-13,unresolved discontinuation,
119392,2022-03-13,unresolved discontinuation,
119397,2022-11-24,unresolved discontinuation,
119404,2022-11-24,unresolved discontinuation,
119410,2022-03-13,unresolved discontinuation,
119413,2022-11-24,unresolved discontinuation,
119417,2022-11-24,unresolved discontinuation,
119425,2022-11-24,unresolved discontinuation,
119428,2022-11-24,unresolved discontinuation,
119431,2022-11-24,unresolved discontinuation,
119441,2021-12-30,unresolved discontinuation,
119448,2021-12-30,unresolved discontinuation,
119451,2021-12-30,unresolved discontinuation,
119452,2021-12-30,unresolved discontinuation,
119457,2021-12-30,unresolved discontinuation,
119462,2021-12-30,unresolved discontinuation,
119464,2021-12-30,unresolved discontinuation,
119468,2021-12-30,unresolved discontinuation,
119472,2021-12-30,unresolved discontinuation,
119474,2021-12-30,unresolved discontinuation,
119482,2021-12-30,unresolved discontinuation,
119484,2021-12-30,unresolved discontinuation,
119488,2021-12-30,unresolved discontinuation,
119518,2023-07-28,unresolved discontinuation,
119535,2025-11-25,unresolved discontinuation,
119576,2023-07-28,unresolved discontinuation,
119578,2021-12-24,unresolved discontinuation,
119661,2023-04-13,unresolved discontinuation,
119664,2021-12-31,unresolved discontinuation,
119680,2021-12-31,unresolved discontinuation,
119686,2021-12-31,unresolved discontinuation,
119786,2022-11-24,unresolved discontinuation,
119790,2022-11-24,unresolved discontinuation,
119795,2022-11-24,unresolved discontinuation,
119802,2022-11-24,unresolved discontinuation,
119807,2022-11-24,unresolved discontinuation,
119809,2022-11-24,unresolved discontinuation,
119843,2026-07-10,NAV data gap,
119844,2022-11-24,unresolved discontinuation,
119849,2022-11-24,unresolved discontinuation,
119852,2022-11-24,unresolved discontinuation,
119856,2022-11-24,unresolved discontinuation,
119876,2022-09-23,unresolved discontinuation,
119893,2022-03-13,unresolved discontinuation,
119960,2026-02-20,unresolved discontinuation,
119984,2022-03-13,unresolved discontinuation,
119988,2022-03-13,unresolved discontinuation,
119992,2022-03-13,unresolved discontinuation,
120002,2022-03-13,unresolved discontinuation,
120008,2022-03-13,unresolved discontinuation,
120034,2022-11-25,unresolved discontinuation,
120048,2022-11-25,unresolved discontinuation,
120062,2022-11-25,unresolved discontinuation,
120066,2022-11-25,unresolved discontinuation,
120069,2022-11-25,unresolved discontinuation,
120079,2026-01-23,unresolved discontinuation,
120082,2022-03-13,unresolved discontinuation,
120131,2022-03-13,unresolved discontinuation,
120147,2022-03-13,unresolved discontinuation,
120334,2026-07-10,NAV data gap,
120524,2026-07-10,NAV data gap,
120760,2026-07-10,NAV data gap,
120821,2026-07-10,NAV data gap,
120877,2022-05-11,unresolved discontinuation,
120903,2022-05-11,unresolved discontinuation,
120970,2022-05-11,unresolved discontinuation,
121034,2022-05-11,unresolved discontinuation,
121182,2025-03-25,unresolved discontinuation,
121413,2022-05-11,unresolved discontinuation,
121722,2025-03-25,unresolved discontinuation,
122165,2025-03-25,unresolved discontinuation,
122642,2022-05-11,unresolved discontinuation,
123402,2022-09-29,unresolved discontinuation,
123637,2023-07-27,unresolved discontinuation,
124596,2022-05-11,unresolved discontinuation,
125953,2022-05-11,unresolved discontinuation,
126031,2022-05-11,unresolved discontinuation,
126279,2024-03-27,unresolved discontinuation,
127181,2023-07-27,unresolved discontinuation,
127305,2022-03-13,unresolved discontinuation,
128236,2023-07-27,unresolved discontinuation,
128544,2023-06-06,unresolved discontinuation,
129220,2022-11-24,unresolved discontinuation,
129440,2025-06-30,unresolved discontinuation,
130450,2022-11-24,unresolved discontinuation,
130479,2022-03-13,unresolved discontinuation,
130825,2022-11-24,unresolved discontinuation,
132933,2025-02-03,unresolved discontinuation,
133181,2023-10-27,unresolved discontinuation,
133324,2025-03-26,unresolved discontinuation,
133364,2025-03-24,unresolved discontinuation,
133604,2022-11-24,unresolved discontinuation,
134045,2022-03-13,unresolved discontinuation,
135506,2021-10-25,unresolved discontinuation,
135654,2026-04-10,unresolved discontinuation,
135689,2021-09-13,unresolved discontinuation,
135962,2021-09-24,unresolved discontinuation,
136007,2026-03-30,unresolved discontinuation,
136419,2021-08-23,unresolved discontinuation,
138270,2023-09-29,unresolved discontinuation,
138443,2023-09-29,unresolved discontinuation,
138564,2023-09-29,unresolved discontinuation,
138898,2022-01-21,unresolved discontinuation,
139221,2021-12-30,unresolved discontinuation,
139257,2022-01-24,unresolved discontinuation,
139259,2022-01-24,unresolved discontinuation,
139859,2021-09-28,unresolved discontinuation,
139971,2023-07-27,unresolved discontinuation,
140046,2021-09-24,unresolved discontinuation,
140068,2022-04-28,unresolved discontinuation,
140386,2022-03-13,unresolved discontinuation,
140453,2021-12-31,unresolved discontinuation,
140454,2021-09-24,unresolved discontinuation,
140461,2023-07-27,unresolved discontinuation,
140655,2022-08-18,unresolved discontinuation,
140660,2021-12-07,unresolved discontinuation,
141006,2022-03-13,unresolved discontinuation,
141145,2022-04-28,unresolved discontinuation,
141369,2021-09-30,unresolved discontinuation,
141404,2022-05-31,unresolved discontinuation,
141430,2022-01-14,unresolved discontinuation,
141475,2023-07-27,unresolved discontinuation,
141580,2022-01-20,unresolved discontinuation,
141740,2022-08-30,unresolved discontinuation,
141813,2022-03-13,unresolved discontinuation,
141873,2022-10-13,unresolved discontinuation,
141892,2021-09-24,unresolved discontinuation,
141897,2023-01-06,unresolved discontinuation,
141915,2021-11-10,unresolved discontinuation,
141920,2023-07-27,unresolved discontinuation,
141932,2021-11-23,unresolved discontinuation,
141991,2021-08-20,unresolved discontinuation,
142172,2021-09-24,unresolved discontinuation,
142198,2021-09-15,unresolved discontinuation,
142415,2024-02-22,unresolved discontinuation,
142418,2024-02-22,unresolved discontinuation,
142457,2021-12-15,unresolved discontinuation,
142490,2022-05-25,unresolved discontinuation,
142533,2023-03-09,unresolved discontinuation,
142555,2021-09-06,unresolved discontinuation,
142565,2021-09-30,unresolved discontinuation,
142701,2022-12-31,unresolved discontinuation,
142819,2021-11-01,unresolved discontinuation,
143000,2021-10-04,unresolved discontinuation,
143010,2023-04-10,unresolved discontinuation,
143171,2021-11-08,unresolved discontinuation,
143174,2022-04-05,unresolved discontinuation,
143226,2023-05-10,unresolved discontinuation,
143253,2022-04-11,unresolved discontinuation,
143272,2022-04-05,unresolved discontinuation,
143304,2022-05-17,unresolved discontinuation,
143318,2022-05-17,unresolved discontinuation,
143343,2022-05-25,unresolved discontinuation,
143353,2023-07-27,unresolved discontinuation,
143360,2022-04-05,unresolved discontinuation,
143396,2025-03-31,unresolved discontinuation,
143453,2022-05-26,unresolved discontinuation,
143471,2022-04-19,unresolved discontinuation,
143506,2023-06-12,unresolved discontinuation,
143547,2022-04-06,unresolved discontinuation,
143548,2022-06-20,unresolved discontinuation,
143579,2022-04-28,unresolved discontinuation,
143683,2022-05-30,unresolved discontinuation,
143822,2021-07-26,unresolved discontinuation,
143828,2023-06-28,unresolved discontinuation,
143848,2021-07-28,unresolved discontinuation,
143892,2022-06-13,unresolved discontinuation,
143928,2022-04-05,unresolved discontinuation,
143946,2022-05-26,unresolved discontinuation,
143994,2021-08-05,unresolved discontinuation,
144016,2021-09-30,unresolved discontinuation,
144040,2022-06-13,unresolved discontinuation,
144063,2021-08-11,unresolved discontinuation,
144084,2021-08-10,unresolved discontinuation,
144096,2021-08-12,unresolved discontinuation,
144110,2021-07-29,unresolved discontinuation,
144114,2021-07-26,unresolved discontinuation,
144117,2021-07-30,unresolved discontinuation,
144119,2021-07-29,unresolved discontinuation,
144150,2021-11-02,unresolved discontinuation,
144159,2021-08-17,unresolved discontinuation,
144200,2023-07-25,unresolved discontinuation,
144201,2021-08-10,unresolved discontinuation,
144213,2021-08-09,unresolved discontinuation,
144215,2021-07-29,unresolved discontinuation,
144227,2021-08-10,unresolved discontinuation,
144243,2021-07-29,unresolved discontinuation,
144248,2021-08-23,unresolved discontinuation,
144268,2021-07-28,unresolved discontinuation,
144279,2021-09-20,unresolved discontinuation,
144283,2021-08-26,unresolved discontinuation,
144287,2021-07-26,unresolved discontinuation,
144293,2021-07-29,unresolved discontinuation,
144299,2021-07-29,unresolved discontinuation,
144332,2021-07-29,unresolved discontinuation,
144352,2022-05-26,unresolved discontinuation,
144356,2021-08-30,unresolved discontinuation,
144366,2021-08-03,unresolved discontinuation,
144369,2021-08-11,unresolved discontinuation,
144386,2021-07-29,unresolved discontinuation,
144412,2021-07-28,unresolved discontinuation,
144437,2023-08-14,unresolved discontinuation,
144455,2023-07-27,unresolved discontinuation,
144459,2021-10-25,unresolved discontinuation,
144482,2021-10-22,unresolved discontinuation,
144494,2021-08-23,unresolved discontinuation,
144500,2021-08-06,unresolved discontinuation,
144503,2021-09-27,unresolved discontinuation,
144510,2021-08-10,unresolved discontinuation,
144520,2021-08-26,unresolved discontinuation,
144525,2021-08-17,unresolved discontinuation,
144528,2021-10-18,unresolved discontinuation,
144534,2021-08-18,unresolved discontinuation,
144542,2021-08-22,unresolved discontinuation,
144552,2021-08-17,unresolved discontinuation,
144556,2021-09-30,unresolved discontinuation,
144560,2021-08-30,unresolved discontinuation,
144567,2021-08-17,unresolved discontinuation,
144571,2021-08-31,unresolved discontinuation,
144589,2022-04-11,unresolved discontinuation,
144610,2021-08-26,unresolved discontinuation,
144614,2021-10-13,unresolved discontinuation,
144620,2021-08-30,unresolved discontinuation,
144626,2021-10-20,unresolved discontinuation,
144633,2021-08-26,unresolved discontinuation,
144634,2022-03-13,unresolved discontinuation,
144641,2021-09-02,unresolved discontinuation,
144653,2021-09-01,unresolved discontinuation,
144666,2021-08-31,unresolved discontinuation,
144671,2021-10-18,unresolved discontinuation,
144673,2021-08-31,unresolved discontinuation,
144675,2021-08-31,unresolved discontinuation,
144681,2024-01-19,unresolved discontinuation,
144686,2021-08-31,unresolved discontinuation,
144692,2021-10-20,unresolved discontinuation,
144707,2021-08-30,unresolved discontinuation,
144725,2021-08-31,unresolved discontinuation,
144728,2023-09-07,unresolved discontinuation,
144736,2021-09-21,unresolved discontinuation,
144746,2021-09-30,unresolved discontinuation,
144751,2021-09-01,unresolved discontinuation,
144764,2021-09-14,unresolved discontinuation,
144770,2022-04-28,unresolved discontinuation,
144800,2022-09-29,unresolved discontinuation,
144804,2021-09-06,unresolved discontinuation,
144823,2021-09-06,unresolved discontinuation,
144826,2021-09-30,unresolved discontinuation,
144842,2021-09-03,unresolved discontinuation,
144850,2022-04-11,unresolved discontinuation,
144861,2021-09-30,unresolved discontinuation,
144868,2021-09-30,unresolved discontinuation,
144879,2021-09-16,unresolved discontinuation,
144883,2021-09-28,unresolved discontinuation,
144889,2022-01-31,unresolved discontinuation,
144894,2021-09-14,unresolved discontinuation,
144899,2022-04-29,unresolved discontinuation,
144910,2022-05-31,unresolved discontinuation,
144912,2021-09-28,unresolved discontinuation,
144918,2021-09-14,unresolved discontinuation,
144934,2022-04-29,unresolved discontinuation,
144954,2021-10-26,unresolved discontinuation,
144959,2021-09-29,unresolved discontinuation,
144981,2022-06-30,unresolved discontinuation,
144985,2021-09-28,unresolved discontinuation,
144988,2023-09-29,unresolved discontinuation,
144992,2021-09-27,unresolved discontinuation,
145006,2021-11-08,unresolved discontinuation,
145009,2021-10-26,unresolved discontinuation,
145031,2022-05-05,unresolved discontinuation,
145066,2022-04-04,unresolved discontinuation,
145069,2022-04-08,unresolved discontinuation,
145079,2022-04-29,unresolved discontinuation,
145086,2021-11-22,unresolved discontinuation,
145089,2021-09-29,unresolved discontinuation,
145096,2021-10-06,unresolved discontinuation,
145100,2021-11-03,unresolved discontinuation,
145104,2022-06-30,unresolved discontinuation,
145141,2022-05-10,unresolved discontinuation,
145145,2021-10-26,unresolved discontinuation,
145161,2021-12-27,unresolved discontinuation,
145164,2021-10-06,unresolved discontinuation,
145171,2022-04-19,unresolved discontinuation,
145177,2022-05-30,unresolved discontinuation,
145187,2022-04-28,unresolved discontinuation,
145197,2021-10-18,unresolved discontinuation,
145214,2021-10-13,unresolved discontinuation,
145228,2022-11-25,unresolved discontinuation,
145229,2021-11-02,unresolved discontinuation,
145236,2022-04-18,unresolved discontinuation,
145240,2022-05-04,unresolved discontinuation,
145272,2022-04-12,unresolved discontinuation,
145285,2022-06-28,unresolved discontinuation,
145298,2022-04-12,unresolved discontinuation,
145304,2021-11-29,unresolved discontinuation,
145318,2022-04-26,unresolved discontinuation,
145329,2022-04-19,unresolved discontinuation,
145339,2022-04-19,unresolved discontinuation,
145353,2021-11-02,unresolved discontinuation,
145372,2023-05-02,unresolved discontinuation,
145376,2022-11-24,unresolved discontinuation,
145381,2022-06-01,unresolved discontinuation,
145394,2022-04-07,unresolved discontinuation,
145407,2022-04-29,unresolved discontinuation,
145412,2022-04-05,unresolved discontinuation,
145415,2022-04-19,unresolved discontinuation,
145426,2022-04-18,unresolved discontinuation,
145461,2022-04-12,unresolved discontinuation,
145469,2022-04-06,unresolved discontinuation,
145478,2021-12-31,unresolved discontinuation,
145492,2022-04-18,unresolved discontinuation,
145499,2023-05-02,unresolved discontinuation,
145505,2022-04-26,unresolved discontinuation,
145528,2022-04-29,unresolved discontinuation,
145530,2022-04-26,unresolved discontinuation,
145553,2022-05-04,unresolved discontinuation,
145571,2021-12-06,unresolved discontinuation,
145576,2022-04-13,unresolved discontinuation,
145579,2022-04-18,unresolved discontinuation,
145583,2022-04-04,unresolved discontinuation,
145612,2022-05-02,unresolved discontinuation,
145616,2022-04-29,unresolved discontinuation,
145619,2022-05-31,unresolved discontinuation,
145637,2022-05-17,unresolved discontinuation,
145643,2022-04-12,unresolved discontinuation,
145647,2023-05-02,unresolved discontinuation,
145654,2022-04-19,unresolved discontinuation,
145665,2022-04-29,unresolved discontinuation,
145672,2023-04-20,unresolved discontinuation,
145682,2022-04-11,unresolved discontinuation,
145688,2022-04-28,unresolved discontinuation,
145699,2022-06-06,unresolved discontinuation,
145716,2022-05-19,unresolved discontinuation,
145720,2022-04-12,unresolved discontinuation,
145746,2023-05-02,unresolved discontinuation,
145760,2022-05-02,unresolved discontinuation,
145767,2022-04-20,unresolved discontinuation,
145774,2022-04-26,unresolved discontinuation,
145780,2022-06-01,unresolved discontinuation,
145783,2022-05-17,unresolved discontinuation,
145790,2022-04-29,unresolved discontinuation,
145796,2022-04-12,unresolved discontinuation,
145807,2022-04-26,unresolved discontinuation,
145838,2022-04-19,unresolved discontinuation,
145845,2022-04-19,unresolved discontinuation,
145855,2022-04-19,unresolved discontinuation,
145860,2022-04-12,unresolved discontinuation,
145866,2022-04-12,unresolved discontinuation,
145880,2022-04-28,unresolved discontinuation,
145902,2022-05-24,unresolved discontinuation,
145917,2022-05-30,unresolved discontinuation,
145919,2022-04-11,unresolved discontinuation,
145925,2022-04-21,unresolved discontinuation,
145929,2022-06-01,unresolved discontinuation,
145939,2022-04-19,unresolved discontinuation,
145944,2022-04-18,unresolved discontinuation,
145947,2022-04-25,unresolved discontinuation,
145961,2022-06-03,unresolved discontinuation,
145980,2022-04-18,unresolved discontinuation,
145982,2022-04-12,unresolved discontinuation,
145987,2023-06-06,unresolved discontinuation,
146030,2022-04-29,unresolved discontinuation,
146037,2022-05-24,unresolved discontinuation,
146043,2022-05-30,unresolved discontinuation,
146045,2022-06-30,unresolved discontinuation,
146053,2022-06-01,unresolved discontinuation,
146056,2022-04-12,unresolved discontinuation,
146088,2022-04-26,unresolved discontinuation,
146102,2022-04-18,unresolved discontinuation,
146134,2022-04-11,unresolved discontinuation,
146145,2022-04-12,unresolved discontinuation,
146155,2022-04-11,unresolved discontinuation,
146157,2022-04-07,unresolved discontinuation,
146172,2022-05-02,unresolved discontinuation,
146174,2023-06-23,unresolved discontinuation,
146201,2022-04-28,unresolved discontinuation,
146245,2022-04-19,unresolved discontinuation,
146261,2022-05-24,unresolved discontinuation,
146277,2022-04-11,unresolved discontinuation,
146284,2022-07-18,unresolved discontinuation,
146289,2022-04-20,unresolved discontinuation,
146299,2022-05-04,unresolved discontinuation,
146302,2022-04-11,unresolved discontinuation,
146312,2022-04-27,unresolved discontinuation,
146320,2022-04-11,unresolved discontinuation,
146327,2022-07-26,unresolved discontinuation,
146331,2022-06-15,unresolved discontinuation,
146367,2023-05-23,unresolved discontinuation,
146375,2022-06-01,unresolved discontinuation,
146386,2022-04-19,unresolved discontinuation,
146396,2022-04-19,unresolved discontinuation,
146402,2022-03-13,unresolved discontinuation,
146424,2022-05-10,unresolved discontinuation,
146428,2022-04-11,unresolved discontinuation,
146462,2022-04-21,unresolved discontinuation,
146468,2022-04-11,unresolved discontinuation,
146473,2022-05-02,unresolved discontinuation,
146475,2022-05-10,unresolved discontinuation,
146487,2022-05-04,unresolved discontinuation,
146491,2022-04-20,unresolved discontinuation,
146495,2023-05-23,unresolved discontinuation,
146498,2022-04-11,unresolved discontinuation,
146505,2022-05-06,unresolved discontinuation,
146517,2023-07-27,unresolved discontinuation,
146538,2022-05-10,unresolved discontinuation,
146547,2022-09-12,unresolved discontinuation,
146566,2022-04-11,unresolved discontinuation,
146592,2023-06-06,unresolved discontinuation,
146596,2022-06-15,unresolved discontinuation,
146605,2022-06-16,unresolved discontinuation,
146608,2022-05-10,unresolved discontinuation,
146626,2022-04-19,unresolved discontinuation,
146631,2022-04-11,unresolved discontinuation,
146640,2022-04-20,unresolved discontinuation,
146650,2022-04-11,unresolved discontinuation,
146656,2023-06-22,unresolved discontinuation,
146670,2022-06-01,unresolved discontinuation,
146672,2022-04-29,unresolved discontinuation,
146689,2022-05-17,unresolved discontinuation,
146704,2022-09-12,unresolved discontinuation,
146706,2022-05-04,unresolved discontinuation,
146733,2022-04-28,unresolved discontinuation,
146741,2022-05-09,unresolved discontinuation,
146765,2023-07-04,unresolved discontinuation,
146777,2022-04-18,unresolved discontinuation,
146780,2022-04-20,unresolved discontinuation,
146787,2022-04-12,unresolved discontinuation,
146834,2022-06-21,unresolved discontinuation,
146847,2022-06-15,unresolved discontinuation,
146851,2022-05-23,unresolved discontinuation,
146863,2022-06-07,unresolved discontinuation,
146872,2022-05-30,unresolved discontinuation,
146878,2023-07-04,unresolved discontinuation,
146886,2022-04-12,unresolved discontinuation,
146893,2022-04-18,unresolved discontinuation,
146898,2022-04-18,unresolved discontinuation,
146909,2022-04-19,unresolved discontinuation,
146945,2022-04-12,unresolved discontinuation,
146987,2022-06-08,unresolved discontinuation,
147021,2022-06-23,unresolved discontinuation,
147071,2022-06-07,unresolved discontinuation,
147104,2022-07-06,unresolved discontinuation,
147125,2022-03-13,unresolved discontinuation,
147131,2021-12-30,unresolved discontinuation,
147135,2022-07-14,unresolved discontinuation,
147152,2022-06-15,unresolved discontinuation,
147165,2022-06-07,unresolved discontinuation,
147210,2022-05-09,unresolved discontinuation,
147237,2022-05-11,unresolved discontinuation,
147242,2023-05-02,unresolved discontinuation,
147253,2022-05-23,unresolved discontinuation,
147255,2022-06-07,unresolved discontinuation,
147318,2022-08-10,unresolved discontinuation,
147322,2022-06-07,unresolved discontinuation,
147333,2022-08-24,unresolved discontinuation,
147353,2022-06-30,unresolved discontinuation,
147355,2022-08-02,unresolved discontinuation,
147359,2023-06-05,unresolved discontinuation,
147363,2022-07-19,unresolved discontinuation,
147385,2022-02-09,unresolved discontinuation,
147389,2022-02-09,unresolved discontinuation,
147396,2022-02-09,unresolved discontinuation,
147411,2022-07-19,unresolved discontinuation,
147422,2022-09-14,unresolved discontinuation,
147440,2021-12-31,unresolved discontinuation,
147463,2022-08-01,unresolved discontinuation,
147467,2022-09-21,unresolved discontinuation,
147486,2022-09-28,unresolved discontinuation,
147509,2022-10-06,unresolved discontinuation,
147520,2022-08-03,unresolved discontinuation,
147560,2023-08-23,unresolved discontinuation,
147582,2022-09-01,unresolved discontinuation,
147587,2021-12-31,unresolved discontinuation,
147593,2022-12-18,unresolved discontinuation,
147612,2022-09-08,unresolved discontinuation,
147627,2022-09-15,unresolved discontinuation,
147631,2023-05-24,unresolved discontinuation,
147636,2024-06-14,unresolved discontinuation,
147641,2022-09-28,unresolved discontinuation,
147644,2023-06-14,unresolved discontinuation,
147651,2022-03-10,unresolved discontinuation,
147672,2022-10-27,unresolved discontinuation,
147675,2022-03-10,unresolved discontinuation,
147689,2025-03-21,unresolved discontinuation,
147691,2025-03-21,unresolved discontinuation,
147697,2025-03-21,unresolved discontinuation,
147720,2022-10-27,unresolved discontinuation,
147744,2022-11-04,unresolved discontinuation,
147754,2022-11-14,unresolved discontinuation,
147764,2022-11-23,unresolved discontinuation,
147777,2022-12-01,unresolved discontinuation,
147778,2021-12-30,unresolved discontinuation,
147783,2022-12-20,unresolved discontinuation,
147792,2022-12-19,unresolved discontinuation,
147802,2022-09-30,unresolved discontinuation,
147808,2022-09-30,unresolved discontinuation,
147816,2022-09-30,unresolved discontinuation,
147851,2023-04-18,unresolved discontinuation,
147864,2025-04-01,unresolved discontinuation,
147873,2023-04-25,unresolved discontinuation,
147927,2021-12-31,unresolved discontinuation,
147937,2021-11-29,unresolved discontinuation,
147939,2021-11-29,unresolved discontinuation,
147942,2023-07-19,unresolved discontinuation,
147958,2023-09-11,unresolved discontinuation,
147966,2023-09-11,unresolved discontinuation,
147988,2023-09-11,unresolved discontinuation,
147999,2023-09-11,unresolved discontinuation,
148015,2023-09-11,unresolved discontinuation,
148026,2021-12-31,unresolved discontinuation,
148053,2026-07-10,NAV data gap,
148056,2023-04-25,unresolved discontinuation,
148080,2022-01-27,unresolved discontinuation,
148086,2022-01-27,unresolved discontinuation,
148101,2022-01-27,unresolved discontinuation,
148106,2022-01-27,unresolved discontinuation,
148118,2022-01-27,unresolved discontinuation,
148136,2022-01-27,unresolved discontinuation,
148147,2022-01-31,unresolved discontinuation,
148172,2023-07-27,unresolved discontinuation,
148176,2023-05-22,unresolved discontinuation,
148178,2023-08-07,unresolved discontinuation,
148193,2023-05-19,unresolved discontinuation,
148197,2023-04-25,unresolved discontinuation,
148207,2022-01-21,unresolved discontinuation,
148242,2026-07-10,NAV data gap,
148257,2026-07-10,NAV data gap,
148261,2026-07-10,NAV data gap,
148265,2026-07-10,NAV data gap,
148273,2026-07-10,NAV data gap,
148274,2026-07-10,NAV data gap,
148285,2026-07-10,NAV data gap,
148296,2026-07-10,NAV data gap,
148304,2026-07-10,NAV data gap,
148308,2026-07-10,NAV data gap,
148313,2026-07-10,NAV data gap,
148325,2022-03-13,unresolved discontinuation,
148333,2026-07-10,NAV data gap,
148360,2022-11-24,unresolved discontinuation,
148363,2022-11-24,unresolved discontinuation,
148369,2023-05-31,unresolved discontinuation,
148385,2023-05-30,unresolved discontinuation,
148397,2026-06-30,NAV data gap,
148398,2026-06-30,NAV data gap,
148399,2026-06-30,NAV data gap,
148415,2025-03-27,unresolved discontinuation,
148446,2025-04-16,unresolved discontinuation,
148454,2025-07-18,unresolved discontinuation,
148457,2026-07-10,NAV data gap,
148479,2025-01-29,unresolved discontinuation,
148492,2022-11-25,unresolved discontinuation,
148524,2021-12-30,unresolved discontinuation,
148628,2025-10-16,unresolved discontinuation,
148656,2026-02-10,unresolved discontinuation,
148737,2026-03-25,unresolved discontinuation,
148795,2026-04-30,unresolved discontinuation,
148827,2025-04-30,unresolved discontinuation,
148846,2026-04-29,unresolved discontinuation,
148897,2022-03-10,unresolved discontinuation,
148941,2025-09-30,unresolved discontinuation,
149082,2025-06-25,unresolved discontinuation,
149111,2025-07-31,unresolved discontinuation,
149139,2026-05-14,unresolved discontinuation,
149154,2022-11-25,unresolved discontinuation,
149243,2026-04-30,unresolved discontinuation,
149329,2026-07-10,NAV data gap,
149349,2024-01-12,unresolved discontinuation,
149376,2022-03-14,unresolved discontinuation,
149420,2025-04-30,unresolved discontinuation,
149753,2025-04-30,unresolved discontinuation,
149806,2023-09-29,unresolved discontinuation,
149934,2025-05-19,unresolved discontinuation,
149950,2025-10-31,unresolved discontinuation,
150241,2024-09-10,unresolved discontinuation,
150294,2024-09-10,unresolved discontinuation,
150320,2022-07-08,unresolved discontinuation,
150357,2025-04-30,unresolved discontinuation,
150362,2022-10-06,unresolved discontinuation,
150379,2026-04-09,unresolved discontinuation,
150395,2025-09-25,unresolved discontinuation,
150431,2022-10-19,unresolved discontinuation,
150449,2023-03-09,unresolved discontinuation,
150462,2022-12-28,unresolved discontinuation,
150562,2026-05-29,unresolved discontinuation,
150576,2023-08-29,unresolved discontinuation,
150601,2022-11-29,unresolved discontinuation,
150602,2025-11-10,unresolved discontinuation,
150614,2023-09-07,unresolved discontinuation,
150649,2026-04-15,unresolved discontinuation,
150663,2025-09-30,unresolved discontinuation,
150666,2022-12-21,unresolved discontinuation,
150692,2026-02-13,unresolved discontinuation,
150698,2026-04-30,unresolved discontinuation,
150746,2026-04-30,unresolved discontinuation,
150773,2023-01-03,unresolved discontinuation,
150783,2023-03-20,unresolved discontinuation,
150788,2026-04-30,unresolved discontinuation,
150809,2023-11-02,unresolved discontinuation,
150833,2026-04-27,unresolved discontinuation,
150875,2023-02-08,unresolved discontinuation,
150883,2023-11-15,unresolved discontinuation,
150885,2026-05-29,unresolved discontinuation,
150908,2023-03-13,unresolved discontinuation,
150919,2026-04-13,unresolved discontinuation,
150932,2026-04-13,unresolved discontinuation,
150938,2026-04-30,unresolved discontinuation,
150947,2023-03-13,unresolved discontinuation,
150950,2026-04-16,unresolved discontinuation,
150955,2023-03-13,unresolved discontinuation,
150963,2026-04-15,unresolved discontinuation,
150984,2026-04-16,unresolved discontinuation,
151174,2026-04-15,unresolved discontinuation,
151186,2026-04-22,unresolved discontinuation,
151225,2026-04-13,unresolved discontinuation,
151243,2023-05-31,unresolved discontinuation,
151247,2023-03-23,unresolved discontinuation,
151252,2026-05-29,unresolved discontinuation,
151266,2023-07-03,unresolved discontinuation,
151269,2024-01-10,unresolved discontinuation,
151316,2026-05-04,unresolved discontinuation,
151341,2026-04-15,unresolved discontinuation,
151351,2026-05-29,unresolved discontinuation,
151360,2023-04-25,unresolved discontinuation,
151364,2026-04-30,unresolved discontinuation,
151396,2024-04-02,unresolved discontinuation,
151403,2024-02-14,unresolved discontinuation,
151421,2023-05-15,unresolved discontinuation,
151451,2026-05-05,unresolved discontinuation,
151501,2026-04-16,unresolved discontinuation,
151510,2023-05-31,unresolved discontinuation,
151519,2023-08-29,unresolved discontinuation,
151551,2023-09-01,unresolved discontinuation,
151552,2023-06-13,unresolved discontinuation,
151559,2026-04-16,unresolved discontinuation,
151608,2023-11-21,unresolved discontinuation,
151613,2024-03-20,unresolved discontinuation,
151622,2026-04-15,unresolved discontinuation,
151625,2023-06-14,unresolved discontinuation,
151638,2023-06-13,unresolved discontinuation,
151639,2026-06-01,unresolved discontinuation,
151645,2023-09-21,unresolved discontinuation,
151674,2026-04-15,unresolved discontinuation,
151677,2023-06-22,unresolved discontinuation,
151681,2026-04-27,unresolved discontinuation,
151686,2026-05-04,unresolved discontinuation,
151700,2026-04-09,unresolved discontinuation,
151735,2024-09-10,unresolved discontinuation,
151743,2023-09-14,unresolved discontinuation,
151875,2024-11-14,unresolved discontinuation,
152114,2026-07-10,NAV data gap,
152175,2024-02-01,unresolved discontinuation,
152224,2024-03-12,unresolved discontinuation,
152227,2024-03-13,unresolved discontinuation,
152249,2024-03-13,unresolved discontinuation,
152250,2024-03-12,unresolved discontinuation,
152259,2024-03-13,unresolved discontinuation,
152279,2024-06-18,unresolved discontinuation,
152283,2024-03-21,unresolved discontinuation,
152303,2024-03-27,unresolved discontinuation,
152332,2024-04-18,unresolved discontinuation,
152342,2024-04-22,unresolved discontinuation,
152375,2024-04-23,unresolved discontinuation,
152400,2024-05-06,unresolved discontinuation,
152451,2024-05-16,unresolved discontinuation,
152495,2024-06-11,unresolved discontinuation,
152515,2026-02-04,unresolved discontinuation,
152545,2024-06-19,unresolved discontinuation,
152549,2025-06-30,unresolved discontinuation,
152898,2026-07-10,NAV data gap,
152958,2025-12-31,unresolved discontinuation,
153163,2025-03-05,unresolved discontinuation,
153236,2025-11-14,unresolved discontinuation,
153316,2025-05-15,unresolved discontinuation,
