scheme_code,scheme_name,isin_growth,original_scheme_name,normalized_underlying_name,normalization_rule_version,is_direct,is_regular,is_growth,is_idcw,plan_classification,manual_classification,reviewer_reason,audit_timestamp
148006,Franklin India Short-term Income Plan-Retail Plan- Segregated Portfolio 1- 8.25% Vodafone Idea Ltd-10JUL20-Direct-Weekly Dividend Option,INF090I01US5,Franklin India Short-term Income Plan-Retail Plan- Segregated Portfolio 1- 8.25% Vodafone Idea Ltd-10JUL20-Direct-Weekly Dividend Option,india short term income segregated portfolio 1 8 25% vodafone idea ltd 10jul20 weekly,1.0,True,True,False,True,Ambiguous,,,
133662,Kotak FMP Series 171 (1099 Days) - Growth,INF174K01G82,Kotak FMP Series 171 (1099 Days) - Growth,fmp series 171 1099 days,1.0,False,False,True,False,Ambiguous,,,
117970,HDFC FMP 370D October 2012 (1)-Growth Option,INF179K01TK1,HDFC FMP 370D October 2012 (1)-Growth Option,fmp 370d october 2012 1,1.0,False,False,True,False,Ambiguous,,,
146722,ICICI Prudential Retirement Fund - Hybrid Aggressive - Growth Option,INF109KC1TU8,ICICI Prudential Retirement Fund - Hybrid Aggressive - Growth Option,retirement fund hybrid aggressive,1.0,False,False,True,False,Ambiguous,,,
117460,TFMP Series 40 Scheme B Growth Option,INF277K01HL6,TFMP Series 40 Scheme B Growth Option,tfmp series 40 scheme b,1.0,False,False,True,False,Ambiguous,,,
119964,ING Income Fund - Regular Plan - Direct Plan - Growth Option,INF084M01CM1,ING Income Fund - Regular Plan - Direct Plan - Growth Option,ing income fund,1.0,True,True,True,False,Ambiguous,,,
127460,UTI FTIF Series XVII - XIII (369 DAYS)-Growth Option,INF789FB1CA1,UTI FTIF Series XVII - XIII (369 DAYS)-Growth Option,ftif series xvii xiii 369 days,1.0,False,False,True,False,Ambiguous,,,
115931,DWS Hybrid Fixed Term Fund - Series 3- Growth,INF223J011Z5,DWS Hybrid Fixed Term Fund - Series 3- Growth,dws hybrid fixed term fund series 3,1.0,False,False,True,False,Ambiguous,,,
117527,DSP BlackRock Dual Advantage Fund - Series 4 - 36M - Growth Option,INF740K01KX2,DSP BlackRock Dual Advantage Fund - Series 4 - 36M - Growth Option,blackrock dual advantage fund series 4 36m,1.0,False,False,True,False,Ambiguous,,,
117830,HDFC FMP 371D August 2012 (1)-Growth Option,INF179K01TB0,HDFC FMP 371D August 2012 (1)-Growth Option,fmp 371d august 2012 1,1.0,False,False,True,False,Ambiguous,,,
105602,ICICI Prudential Infrastructure Fund - Institutional Option - I - Growth,INF109K01AU7,ICICI Prudential Infrastructure Fund - Institutional Option - I - Growth,infrastructure fund i,1.0,False,False,True,False,Ambiguous,,,
131590,Reliance Fixed Horizon Fund XXVII- Series 9- Growth option,INF204KA1WG7,Reliance Fixed Horizon Fund XXVII- Series 9- Growth option,reliance fixed horizon fund xxvii series 9,1.0,False,False,True,False,Ambiguous,,,
150477,HDFC NIFTY NEXT 50 ETF - Growth Option,INF179KC1HS2,HDFC NIFTY NEXT 50 ETF - Growth Option,nifty next 50 etf,1.0,False,False,True,False,Ambiguous,,,
123049,DSP BlackRock FMP - Series 106 -3M - Direct Plan - Dividend Payout - Regular Payout,INF740K01WJ6,DSP BlackRock FMP - Series 106 -3M - Direct Plan - Dividend Payout - Regular Payout,blackrock fmp series 106 3m,1.0,True,True,False,True,Ambiguous,,,
139560,BNP PARIBAS LIQUID FUND SPECIAL UNCLAIMED RED 36A-- GROWTH OPTION,INF251K01OJ1,BNP PARIBAS LIQUID FUND SPECIAL UNCLAIMED RED 36A-- GROWTH OPTION,bnp paribas liquid fund special unclaimed red 36a,1.0,False,False,True,False,Ambiguous,,,
133470,Reliance Fixed Horizon Fund XXVIII- Series 4- Growth Option,INF204KA1A81,Reliance Fixed Horizon Fund XXVIII- Series 4- Growth Option,reliance fixed horizon fund xxviii series 4,1.0,False,False,True,False,Ambiguous,,,
117597,DWS Fixed Maturity Plan - Series 18 (DFMP - 18) - Growth,INF223J01LM2,DWS Fixed Maturity Plan - Series 18 (DFMP - 18) - Growth,dws fixed maturity series 18 dfmp 18,1.0,False,False,True,False,Ambiguous,,,
125385,PineBridge India - US Equity Fund - Standard Plan - Growth option,INF178L01CI1,PineBridge India - US Equity Fund - Standard Plan - Growth option,pinebridge india us equity fund standard,1.0,False,False,True,False,Ambiguous,,,
101872,HDFC Dynamic Debt Fund - Growth Option,INF179K01848,HDFC Dynamic Debt Fund - Growth Option,dynamic debt fund,1.0,False,False,True,False,Ambiguous,,,
152981,Edelweiss Nifty500 Multicap Momentum Quality 50 ETF - Growth,INF754K01TF1,Edelweiss Nifty500 Multicap Momentum Quality 50 ETF - Growth,edelweiss nifty500 multicap momentum quality 50 etf,1.0,False,False,True,False,Ambiguous,,,
102242,ING Large Cap Equity Fund-Growth Option,INF084M01275,ING Large Cap Equity Fund-Growth Option,ing large cap equity fund,1.0,False,False,True,False,Ambiguous,,,
125856,DSP BlackRock FMP - Series 130 - 12M - Direct Plan - Dividend Payout - Regular Payout,,DSP BlackRock FMP - Series 130 - 12M - Direct Plan - Dividend Payout - Regular Payout,blackrock fmp series 130 12m,1.0,True,True,False,True,Ambiguous,,,
117865,UTI-FTIF Series-XII Plan VIII (1098 Days) - Growth Option,INF789F01QL1,UTI-FTIF Series-XII Plan VIII (1098 Days) - Growth Option,ftif series xii viii 1098 days,1.0,False,False,True,False,Ambiguous,,,
134645,UTI FTIF Series XXII-II (1099 Days) - Growth Option,INF789FB1RT9,UTI FTIF Series XXII-II (1099 Days) - Growth Option,ftif series xxii ii 1099 days,1.0,False,False,True,False,Ambiguous,,,
116926,TFMP Series 39 Scheme F-Growth,INF277K01GY1,TFMP Series 39 Scheme F-Growth,tfmp series 39 scheme f,1.0,False,False,True,False,Ambiguous,,,
112853,DWS Global Agribusiness Fund - Growth,INF223J01AU8,DWS Global Agribusiness Fund - Growth,dws global agribusiness fund,1.0,False,False,True,False,Ambiguous,,,
125851,Kotak FMP Series 129 (371 Days) - Growth,INF174K01G41,Kotak FMP Series 129 (371 Days) - Growth,fmp series 129 371 days,1.0,False,False,True,False,Ambiguous,,,
116679,DWS Fixed Maturity Plan - Series 4 (DFMP - 4) - Growth,INF223JA1AT6,DWS Fixed Maturity Plan - Series 4 (DFMP - 4) - Growth,dws fixed maturity series 4 dfmp 4,1.0,False,False,True,False,Ambiguous,,,
100967,Principal Multi Cap Growth Fund-Growth Option,INF173K01940,Principal Multi Cap Growth Fund-Growth Option,principal multi cap fund,1.0,False,False,True,False,Ambiguous,,,
105562,Sundaram Low Duration Fund Institutional Plan - Growth,INF903J01EG6,Sundaram Low Duration Fund Institutional Plan - Growth,low duration fund,1.0,False,False,True,False,Ambiguous,,,
130204,Tata Dual Advantage Fund Scheme C-Plan A-Growth,INF277K01TB2,Tata Dual Advantage Fund Scheme C-Plan A-Growth,dual advantage fund scheme c a,1.0,False,False,True,False,Ambiguous,,,
125394,Reliance Fixed Horizon Fund - XXV - Series 5 - Growth Option,INF204KA1FJ6,Reliance Fixed Horizon Fund - XXV - Series 5 - Growth Option,reliance fixed horizon fund xxv series 5,1.0,False,False,True,False,Ambiguous,,,
115055,Daiwa Government Securities Fund - Short Term Plan - Growth Option,INF752K01099,Daiwa Government Securities Fund - Short Term Plan - Growth Option,daiwa government securities fund short term,1.0,False,False,True,False,Ambiguous,,,
101404,Sahara Income Fund-Growth,INF515L01031,Sahara Income Fund-Growth,sahara income fund,1.0,False,False,True,False,Ambiguous,,,
117224,Reliance Fixed Horizon Fund - XXI - Series 26 - Growth Option,INF204K01RD6,Reliance Fixed Horizon Fund - XXI - Series 26 - Growth Option,reliance fixed horizon fund xxi series 26,1.0,False,False,True,False,Ambiguous,,,
117732,Sundaram Fixed Term Plan -CX- Growth Option,INF903J01LR8,Sundaram Fixed Term Plan -CX- Growth Option,fixed term cx,1.0,False,False,True,False,Ambiguous,,,
111921,Sundaram India Leadership Fund-Inst Growth,INF903J01447,Sundaram India Leadership Fund-Inst Growth,india leadership fund,1.0,False,False,True,False,Ambiguous,,,
123157,Tata FMP Series 43 Scheme A- Plan A -Growth Option,INF277K01F55,Tata FMP Series 43 Scheme A- Plan A -Growth Option,fmp series 43 scheme a a,1.0,False,False,True,False,Ambiguous,,,
146104,HSBC Fixed Term Series 137 - Growth Option,INF336L01NP7,HSBC Fixed Term Series 137 - Growth Option,hsbc fixed term series 137,1.0,False,False,True,False,Ambiguous,,,
134473,Baroda Pioneer Fixed Maturity Plan Series N - Plan A - Growth Option,INF955L01GN3,Baroda Pioneer Fixed Maturity Plan Series N - Plan A - Growth Option,baroda pioneer fixed maturity series n a,1.0,False,False,True,False,Ambiguous,,,
118247,UTI FTIF Series XIII - I (368 DAYS) - Growth Option,INF789F01RH7,UTI FTIF Series XIII - I (368 DAYS) - Growth Option,ftif series xiii i 368 days,1.0,False,False,True,False,Ambiguous,,,
112054,Edelweiss Gilt Fund - Growth Option,INF754K01434,Edelweiss Gilt Fund - Growth Option,edelweiss gilt fund,1.0,False,False,True,False,Ambiguous,,,
100792,Sundaram Corporate Bond Fund Institutional Plan - Growth,INF903J01IF9,Sundaram Corporate Bond Fund Institutional Plan - Growth,corporate bond fund,1.0,False,False,True,False,Ambiguous,,,
117705,Reliance Dual Advantage Fixed Tenure Fund II - Plan E - Growth Option,INF204K01RX4,Reliance Dual Advantage Fixed Tenure Fund II - Plan E - Growth Option,reliance dual advantage fixed tenure fund ii e,1.0,False,False,True,False,Ambiguous,,,
139048,DHFL Pramerica Hybrid Fixed Term fund - Series 40 - Direct Plan - Regular Dividend,INF223JA1IT9,DHFL Pramerica Hybrid Fixed Term fund - Series 40 - Direct Plan - Regular Dividend,dhfl pramerica hybrid fixed term fund series 40,1.0,True,True,False,True,Ambiguous,,,
117372,Baroda Pioneer 367 Day Fixed Maturity Plan - Series 4 - Growth Option,INF955L01823,Baroda Pioneer 367 Day Fixed Maturity Plan - Series 4 - Growth Option,baroda pioneer 367 day fixed maturity series 4,1.0,False,False,True,False,Ambiguous,,,
124706,Reliance Fixed Horizon Fund - XXIV - Series 22 - Growth Option,INF204KA18D6,Reliance Fixed Horizon Fund - XXIV - Series 22 - Growth Option,reliance fixed horizon fund xxiv series 22,1.0,False,False,True,False,Ambiguous,,,
128578,Kotak FMP Series 148 (388 Days) - Growth,INF174K01M92,Kotak FMP Series 148 (388 Days) - Growth,fmp series 148 388 days,1.0,False,False,True,False,Ambiguous,,,
112092,Franklin Build India Fund Growth Plan,INF090I01AE7,Franklin Build India Fund Growth Plan,build india fund,1.0,False,False,True,False,Ambiguous,,,
142143,Franklin India Fixed Maturity Plans- Series 2- Plan C(1205 days)- Growth,INF090I01MW4,Franklin India Fixed Maturity Plans- Series 2- Plan C(1205 days)- Growth,india fixed maturity plans series 2 c 1205 days,1.0,False,False,True,False,Ambiguous,,,
125790,SBI DEBT FUND SERIES - 90 DAYS - 81 - DIRECT PLAN - GROWTH,INF200K01F81,SBI DEBT FUND SERIES - 90 DAYS - 81 - DIRECT PLAN - GROWTH,debt fund series 90 days 81,1.0,True,False,True,False,Direct Growth,,,
119081,HDFC Medium Term Debt Fund - Growth Option - Direct Plan,INF179K01WI9,HDFC Medium Term Debt Fund - Growth Option - Direct Plan,medium term debt fund,1.0,True,False,True,False,Direct Growth,,,
145009,UTI - Fixed Term Income Fund Series XXX-V (1135 Days) - Direct Plan - Growth Option,INF789F1AAV3,UTI - Fixed Term Income Fund Series XXX-V (1135 Days) - Direct Plan - Growth Option,fixed term income fund series xxx v 1135 days,1.0,True,False,True,False,Direct Growth,,,
154307,JioBlackRock Large Cap Fund - Direct Plan - Growth Option,INF22M001176,JioBlackRock Large Cap Fund - Direct Plan - Growth Option,jioblackrock large cap fund,1.0,True,False,True,False,Direct Growth,,,
153654,Union Low Duration Fund - Direct Plan - Growth Option,INF582M01LQ6,Union Low Duration Fund - Direct Plan - Growth Option,union low duration fund,1.0,True,False,True,False,Direct Growth,,,
136135,Kotak FMP Series 186 - Direct Growth,INF174KA1DW0,Kotak FMP Series 186 - Direct Growth,fmp series 186,1.0,True,False,True,False,Direct Growth,,,
136039,Aditya Birla Sun Life Fixed Term Plan - Series NE (1100 days) - Direct Plan-Growth,INF209KA14Q6,Aditya Birla Sun Life Fixed Term Plan - Series NE (1100 days) - Direct Plan-Growth,fixed term series ne 1100 days,1.0,True,False,True,False,Direct Growth,,,
124501,JM Fixed Maturity Fund - Series XXIV - Plan A (JM FMF - XXIV - A) - (Direct) Growth Option,INF192K01FQ0,JM Fixed Maturity Fund - Series XXIV - Plan A (JM FMF - XXIV - A) - (Direct) Growth Option,jm fixed maturity fund series xxiv a jm fmf xxiv a,1.0,True,False,True,False,Direct Growth,,,
140788,Aditya Birla Sun Life Fixed Term Plan - Series OE (1153 days) - Direct Plan-Growth,INF209KB1DC0,Aditya Birla Sun Life Fixed Term Plan - Series OE (1153 days) - Direct Plan-Growth,fixed term series oe 1153 days,1.0,True,False,True,False,Direct Growth,,,
142868,SBI DEBT FUND SERIES C - 11 (91 DAYS) - DIRECT PLAN - GROWTH,INF200KA1SY2,SBI DEBT FUND SERIES C - 11 (91 DAYS) - DIRECT PLAN - GROWTH,debt fund series c 11 91 days,1.0,True,False,True,False,Direct Growth,,,
133856,SBI DEBT FUND SERIES B - 7 (38 MONTHS) - DIRECT PLAN - GROWTH,INF200KA1457,SBI DEBT FUND SERIES B - 7 (38 MONTHS) - DIRECT PLAN - GROWTH,debt fund series b 7 38 months,1.0,True,False,True,False,Direct Growth,,,
118668,Nippon India Growth Mid Cap Fund - Direct Plan Growth Plan - Growth Option,INF204K01E54,Nippon India Growth Mid Cap Fund - Direct Plan Growth Plan - Growth Option,mid cap fund,1.0,True,False,True,False,Direct Growth,,,
128642,Aditya Birla Sun Life Fixed Term Plan - Series KT (1119 days) - Direct Plan-Growth,INF209KA1N10,Aditya Birla Sun Life Fixed Term Plan - Series KT (1119 days) - Direct Plan-Growth,fixed term series kt 1119 days,1.0,True,False,True,False,Direct Growth,,,
119899,Tata Fixed Income Portfolio Fund - Scheme A3 - Direct Plan - Growth,INF277K01NN0,Tata Fixed Income Portfolio Fund - Scheme A3 - Direct Plan - Growth,fixed income portfolio fund scheme a3,1.0,True,False,True,False,Direct Growth,,,
151130,HSBC Small Cap Fund - Direct Growth,INF917K01QA1,HSBC Small Cap Fund - Direct Growth,hsbc small cap fund,1.0,True,False,True,False,Direct Growth,,,
123609,Aditya Birla Sun Life Interval Income Fund - Annual Plan X-Direct Plan-Growth,INF209K01X49,Aditya Birla Sun Life Interval Income Fund - Annual Plan X-Direct Plan-Growth,interval income fund annual x,1.0,True,False,True,False,Direct Growth,,,
144063,Kotak FMP Series 233 - Direct Plan - Growth Option,INF174KA1061,Kotak FMP Series 233 - Direct Plan - Growth Option,fmp series 233,1.0,True,False,True,False,Direct Growth,,,
139524,Axis Hybrid Fund Series - 31 (1381) Direct Growth,INF846K01XT8,Axis Hybrid Fund Series - 31 (1381) Direct Growth,hybrid fund series 31 1381,1.0,True,False,True,False,Direct Growth,,,
143994,Kotak FMP Series 232-Direct Plan-Growth Option,INF174KA1020,Kotak FMP Series 232-Direct Plan-Growth Option,fmp series 232,1.0,True,False,True,False,Direct Growth,,,
119410,Baroda Treasury Advantage Fund - Plan B (Direct) - Growth Option,INF955L01BF0,Baroda Treasury Advantage Fund - Plan B (Direct) - Growth Option,baroda treasury advantage fund b,1.0,True,False,True,False,Direct Growth,,,
144934,Nippon India Fixed Horizon Fund XXXIX- Series 6- Direct Plan- Growth Option,INF204KB1J64,Nippon India Fixed Horizon Fund XXXIX- Series 6- Direct Plan- Growth Option,fixed horizon fund xxxix series 6,1.0,True,False,True,False,Direct Growth,,,
143160,HDFC FMP 1183D April 2018 (1) - Growth Option - Direct Plan,INF179KB10C7,HDFC FMP 1183D April 2018 (1) - Growth Option - Direct Plan,fmp 1183d april 2018 1,1.0,True,False,True,False,Direct Growth,,,
147989,Franklin India Low Duration Fund- Segregated Portfolio 1- 8.25% Vodafone Idea Ltd-10JUL20-Direct-Growth Plan,INF090I01UD7,Franklin India Low Duration Fund- Segregated Portfolio 1- 8.25% Vodafone Idea Ltd-10JUL20-Direct-Growth Plan,india low duration fund segregated portfolio 1 8 25% vodafone idea ltd 10jul20,1.0,True,False,True,False,Direct Growth,,,
119307,Union ELSS Tax Saver Fund - Direct Plan - Growth Option,INF582M01765,Union ELSS Tax Saver Fund - Direct Plan - Growth Option,union elss tax saver fund,1.0,True,False,True,False,Direct Growth,,,
119536,Aditya Birla Sun Life India Reforms Fund - Growth - Direct Plan,INF209K01YZ4,Aditya Birla Sun Life India Reforms Fund - Growth - Direct Plan,india reforms fund,1.0,True,False,True,False,Direct Growth,,,
146549,Mahindra Manulife Large Cap Fund - Direct Plan -Growth,INF174V01721,Mahindra Manulife Large Cap Fund - Direct Plan -Growth,mahindra manulife large cap fund,1.0,True,False,True,False,Direct Growth,,,
140167,Nippon India Fixed Horizon Fund XXXII- Series 4- Direct Plan-Growth Option,INF204KB1GA2,Nippon India Fixed Horizon Fund XXXII- Series 4- Direct Plan-Growth Option,fixed horizon fund xxxii series 4,1.0,True,False,True,False,Direct Growth,,,
120003,ING Income Growth Multi Manager FoF Scheme - 15% Equity Plan -  Direct Plan - Option A - Growth Option,INF084M01DS6,ING Income Growth Multi Manager FoF Scheme - 15% Equity Plan -  Direct Plan - Option A - Growth Option,ing income multi manager fof scheme 15% equity a,1.0,True,False,True,False,Direct Growth,,,
135764,Axis Children's Fund - No Lock in - Direct Growth,INF846K01WR4,Axis Children's Fund - No Lock in - Direct Growth,children's fund no lock in,1.0,True,False,True,False,Direct Growth,,,
128838,Reliance Fixed Horizon Fund- XXVI- Series 8- Direct Plan - Growth Option,INF204KA1ME3,Reliance Fixed Horizon Fund- XXVI- Series 8- Direct Plan - Growth Option,reliance fixed horizon fund xxvi series 8,1.0,True,False,True,False,Direct Growth,,,
121681,IDFC FTP - S 16(397 Days)- Direct Plan-Growth,,IDFC FTP - S 16(397 Days)- Direct Plan-Growth,ftp s 16 397 days,1.0,True,False,True,False,Direct Growth,,,
124130,Sundaram Fixed Term Plan DV Direct Plan Growth,INF903J01T54,Sundaram Fixed Term Plan DV Direct Plan Growth,fixed term dv,1.0,True,False,True,False,Direct Growth,,,
129121,Aditya Birla Sun Life Fixed Term Plan - Series LC (1099 days) - Direct Plan-Growth,INF209KA1Y17,Aditya Birla Sun Life Fixed Term Plan - Series LC (1099 days) - Direct Plan-Growth,fixed term series lc 1099 days,1.0,True,False,True,False,Direct Growth,,,
152607,Bandhan Innovation Fund - Direct Plan - Growth,INF194KB1IE2,Bandhan Innovation Fund - Direct Plan - Growth,innovation fund,1.0,True,False,True,False,Direct Growth,,,
150815,JM Midcap Fund (Direct) - Growth,INF192K01MV6,JM Midcap Fund (Direct) - Growth,jm midcap fund,1.0,True,False,True,False,Direct Growth,,,
119054,DWS Gilt Fund - Direct Plan - Growth,INF223J01ND7,DWS Gilt Fund - Direct Plan - Growth,dws gilt fund,1.0,True,False,True,False,Direct Growth,,,
135839,HDFC FMP 1111D November 2015 (1) - Direct Option - Growth Option,INF179KB1KK4,HDFC FMP 1111D November 2015 (1) - Direct Option - Growth Option,fmp 1111d november 2015 1,1.0,True,False,True,False,Direct Growth,,,
125822,Axis Fixed Term Plan - Series 44 (91 days) - Direct Plan - Growth,INF846K01IC5,Axis Fixed Term Plan - Series 44 (91 days) - Direct Plan - Growth,fixed term series 44 91 days,1.0,True,False,True,False,Direct Growth,,,
127887,Axis Fixed Term Plan - Series 56 (370 Days) - Direct Plan - Growth,INF846K01LF2,Axis Fixed Term Plan - Series 56 (370 Days) - Direct Plan - Growth,fixed term series 56 370 days,1.0,True,False,True,False,Direct Growth,,,
123602,Aditya Birla Sun Life Fixed Term Plan - Series HL (1463 days) - Direct Plan-Growth,INF209KB1382,Aditya Birla Sun Life Fixed Term Plan - Series HL (1463 days) - Direct Plan-Growth,fixed term series hl 1463 days,1.0,True,False,True,False,Direct Growth,,,
121248,DSP BlackRock FTP - Series 22 - 14M - Direct Plan - Growth Option,INF740K01SK2,DSP BlackRock FTP - Series 22 - 14M - Direct Plan - Growth Option,blackrock ftp series 22 14m,1.0,True,False,True,False,Direct Growth,,,
128755,Kotak FMP Series 150 (1109 Days) - Direct Growth,INF174K01WJ8,Kotak FMP Series 150 (1109 Days) - Direct Growth,fmp series 150 1109 days,1.0,True,False,True,False,Direct Growth,,,
146376,DSP Nifty 50 Index Fund - Direct Plan - Growth,INF740KA1MM7,DSP Nifty 50 Index Fund - Direct Plan - Growth,nifty 50 index fund,1.0,True,False,True,False,Direct Growth,,,
121767,Birla Sun Life Fixed Term Plan - Series HE (386 days) - Direct Plan-Growth,INF209K01H23,Birla Sun Life Fixed Term Plan - Series HE (386 days) - Direct Plan-Growth,birla sun life fixed term series he 386 days,1.0,True,False,True,False,Direct Growth,,,
123012,JPMorgan US Value Equity Offshore Fund - Direct Plan - Growth Option,INF843K01EC1,JPMorgan US Value Equity Offshore Fund - Direct Plan - Growth Option,jpmorgan us value equity offshore fund,1.0,True,False,True,False,Direct Growth,,,
120343,LIC NOMURA MF SYSTEMATIC ASSET ALLOCATION FUND - Direct Plan GROWTH OPTION,,LIC NOMURA MF SYSTEMATIC ASSET ALLOCATION FUND - Direct Plan GROWTH OPTION,lic nomura mf systematic asset allocation fund,1.0,True,False,True,False,Direct Growth,,,
127423,DWS Medium Term Income Fund- Direct Plan- Growth,INF223J01N61,DWS Medium Term Income Fund- Direct Plan- Growth,dws medium term income fund,1.0,True,False,True,False,Direct Growth,,,
130286,SBI DEBT FUND SERIES A - 33 (36 Months) DIRECT PLAN - GROWTH,INF200K014L3,SBI DEBT FUND SERIES A - 33 (36 Months) DIRECT PLAN - GROWTH,debt fund series a 33 36 months,1.0,True,False,True,False,Direct Growth,,,
118548,Franklin India Retirement Fund - Direct - Growth,INF090I01JZ3,Franklin India Retirement Fund - Direct - Growth,india retirement fund,1.0,True,False,True,False,Direct Growth,,,
151713,quant Dynamic Asset Allocation Fund - Growth Option - Direct Plan,INF966L01BL5,quant Dynamic Asset Allocation Fund - Growth Option - Direct Plan,quant dynamic asset allocation fund,1.0,True,False,True,False,Direct Growth,,,
123705,Groww Short Term Fund (formerly known as Indiabulls Short Term Fund)- Direct Plan- Weekly - Income Distribution cum capital withdrawal Option (Payout & Reinvestment),INF666M01AG1,Groww Short Term Fund (formerly known as Indiabulls Short Term Fund)- Direct Plan- Weekly - Income Distribution cum capital withdrawal Option (Payout & Reinvestment),groww short term fund formerly known as indiabulls short term fund weekly income distribution cum capital withdrawal &,1.0,True,False,False,True,Direct IDCW,,,
150682,SBI CRISIL IBX Gilt Index - June 2036 Fund - Direct Plan - Income Distribution cum Capital Withdrawal Option (IDCW),INF200KA13Q7,SBI CRISIL IBX Gilt Index - June 2036 Fund - Direct Plan - Income Distribution cum Capital Withdrawal Option (IDCW),crisil ibx gilt index june 2036 fund income distribution cum capital withdrawal,1.0,True,False,False,True,Direct IDCW,,,
143737,UTI Fixed Term Income fund - Series XXIX - VII (1135 DAYS) - Direct Plan - Quarterly IDCW,INF789FC18V4,UTI Fixed Term Income fund - Series XXIX - VII (1135 DAYS) - Direct Plan - Quarterly IDCW,fixed term income fund series xxix vii 1135 days quarterly,1.0,True,False,False,True,Direct IDCW,,,
144945,ICICI Prudential Fixed Maturity Plan - Series 84 - 1103 Days Plan C - Direct Plan Quarterly IDCW Option,INF109KC1KS1,ICICI Prudential Fixed Maturity Plan - Series 84 - 1103 Days Plan C - Direct Plan Quarterly IDCW Option,fixed maturity series 84 1103 days c quarterly,1.0,True,False,False,True,Direct IDCW,,,
120056,HSBC Gilt Fund - Monthly Dividend Direct,INF336L01DB8,HSBC Gilt Fund - Monthly Dividend Direct,hsbc gilt fund monthly,1.0,True,False,False,True,Direct IDCW,,,
144771,NIPPON INDIA FIXED HORIZON FUND - XXXIX - SERIES 2 - DIRECT Plan - IDCW Option,INF204KB1H74,NIPPON INDIA FIXED HORIZON FUND - XXXIX - SERIES 2 - DIRECT Plan - IDCW Option,fixed horizon fund xxxix series 2,1.0,True,False,False,True,Direct IDCW,,,
148494,HSBC Dynamic Bond Fund - Direct Monthly IDCW,INF336L01PI7,HSBC Dynamic Bond Fund - Direct Monthly IDCW,hsbc dynamic bond fund monthly,1.0,True,False,False,True,Direct IDCW,,,
127229,ICICI Prudential Fixed Maturity Plan-Series 72-1075 Days Plan Q - Direct Plan - Dividend,INF109KA1NQ1,ICICI Prudential Fixed Maturity Plan-Series 72-1075 Days Plan Q - Direct Plan - Dividend,fixed maturity series 72 1075 days q,1.0,True,False,False,True,Direct IDCW,,,
153454,Groww Nifty 500 Momentum 50 ETF FOF - Direct Plan - IDCW,INF666M01JY5,Groww Nifty 500 Momentum 50 ETF FOF - Direct Plan - IDCW,groww nifty 500 momentum 50 etf fof,1.0,True,False,False,True,Direct IDCW,,,
142673,IDFC FIXED TERM PLAN SERIES - 141 (91 DAYS) - DIRECT - PERIODIC DIVIDEND,INF194KA17E9,IDFC FIXED TERM PLAN SERIES - 141 (91 DAYS) - DIRECT - PERIODIC DIVIDEND,fixed term series 141 91 days periodic,1.0,True,False,False,True,Direct IDCW,,,
147938,Indiabulls Liquid Fund- Direct Plan-Growth- Unclaimed Dividend < 3 Yrs,,Indiabulls Liquid Fund- Direct Plan-Growth- Unclaimed Dividend < 3 Yrs,indiabulls liquid fund unclaimed < 3 yrs,1.0,True,False,False,True,Direct IDCW,,,
149119,Union Money Market Fund - Direct Plan - Daily IDCW Option,,Union Money Market Fund - Direct Plan - Daily IDCW Option,union money market fund daily,1.0,True,False,False,True,Direct IDCW,,,
134798,UTI FTIF Series XXII-IV (1098 Days) - Direct Plan - Maturity Div Option,INF789FB1VM6,UTI FTIF Series XXII-IV (1098 Days) - Direct Plan - Maturity Div Option,ftif series xxii iv 1098 days maturity,1.0,True,False,False,True,Direct IDCW,,,
120290,SaharaTax Gain-Dividend- Direct,INF515L01783,SaharaTax Gain-Dividend- Direct,saharatax gain,1.0,True,False,False,True,Direct IDCW,,,
148125,UTI Dynamic Bond Fund ( Segregated - 17022020 ) - Direct Plan - Annual IDCW,INF789F1AQC9,UTI Dynamic Bond Fund ( Segregated - 17022020 ) - Direct Plan - Annual IDCW,dynamic bond fund segregated 17022020 annual,1.0,True,False,False,True,Direct IDCW,,,
119384,BANK OF INDIA Short Term Income Fund-Direct Plan- Quarterly IDCW,INF761K01777,BANK OF INDIA Short Term Income Fund-Direct Plan- Quarterly IDCW,bank of india short term income fund quarterly,1.0,True,False,False,True,Direct IDCW,,,
118959,HDFC Floating Rate Debt Fund - Direct Plan - Daily IDCW,,HDFC Floating Rate Debt Fund - Direct Plan - Daily IDCW,floating rate debt fund daily,1.0,True,False,False,True,Direct IDCW,,,
127971,DHFL Pramerica Income Fund - Direct Plan - Quarterly Dividend Option,INF663L01EQ1,DHFL Pramerica Income Fund - Direct Plan - Quarterly Dividend Option,dhfl pramerica income fund quarterly,1.0,True,False,False,True,Direct IDCW,,,
148752,Invesco India ESG Integration Strategy Fund - Direct Plan - IDCW (Payout / Reinvestment),INF205KA1320,Invesco India ESG Integration Strategy Fund - Direct Plan - IDCW (Payout / Reinvestment),india esg integration strategy fund /,1.0,True,False,False,True,Direct IDCW,,,
124369,SBI DEBT FUND SERIES - 366 DAYS - 39 - DIRECT PLAN - DIVIDEND,INF200K013S0,SBI DEBT FUND SERIES - 366 DAYS - 39 - DIRECT PLAN - DIVIDEND,debt fund series 366 days 39,1.0,True,False,False,True,Direct IDCW,,,
133384,Motilal Oswal ELSS Tax Saver Fund Direct - IDCW Payout,INF247L01577,Motilal Oswal ELSS Tax Saver Fund Direct - IDCW Payout,elss tax saver fund,1.0,True,False,False,True,Direct IDCW,,,
135173,JM Arbitrage Fund (Direct) - Annual IDCW,INF192K01KY4,JM Arbitrage Fund (Direct) - Annual IDCW,jm arbitrage fund annual,1.0,True,False,False,True,Direct IDCW,,,
123743,Reliance Fixed Horizon Fund - XXIV - Series 15 -Direct Plan -Dividend Payout option,INF204KA1UM9,Reliance Fixed Horizon Fund - XXIV - Series 15 -Direct Plan -Dividend Payout option,reliance fixed horizon fund xxiv series 15,1.0,True,False,False,True,Direct IDCW,,,
125317,ICICI Prudential Fixed Maturity Plan-Series 71-366 Days Plan C - Direct Plan - Dividend,INF109KA19G8,ICICI Prudential Fixed Maturity Plan-Series 71-366 Days Plan C - Direct Plan - Dividend,fixed maturity series 71 366 days c,1.0,True,False,False,True,Direct IDCW,,,
120589,ICICI Prudential Gilt Fund - Direct Plan - IDCW,INF109K016C9,ICICI Prudential Gilt Fund - Direct Plan - IDCW,gilt fund,1.0,True,False,False,True,Direct IDCW,,,
120114,DHFL Pramerica Short Term Income Fund - Direct Plan-Monthly Dividend Option,INF663L01930,DHFL Pramerica Short Term Income Fund - Direct Plan-Monthly Dividend Option,dhfl pramerica short term income fund monthly,1.0,True,False,False,True,Direct IDCW,,,
139318,UTI FTIF Series XXIV-XII (1099 Days)- Direct Plan - Annual Div Option,INF789FC1741,UTI FTIF Series XXIV-XII (1099 Days)- Direct Plan - Annual Div Option,ftif series xxiv xii 1099 days annual,1.0,True,False,False,True,Direct IDCW,,,
126278,SBI Tax Advantage Fund-Series- III - Direct Plan - Income Distribution cum Capital Withdrawal Option (IDCW),INF200K01X14,SBI Tax Advantage Fund-Series- III - Direct Plan - Income Distribution cum Capital Withdrawal Option (IDCW),tax advantage fund series iii income distribution cum capital withdrawal,1.0,True,False,False,True,Direct IDCW,,,
129956,Aditya Birla Sun Life Fixed Term Plan-Series LO (1142 days) - Direct Plan-Normal Dividend,INF209KA17F2,Aditya Birla Sun Life Fixed Term Plan-Series LO (1142 days) - Direct Plan-Normal Dividend,fixed term series lo 1142 days normal,1.0,True,False,False,True,Direct IDCW,,,
135565,SBI DEBT FUND SERIES B - 26 (1100 DAYS) - DIRECT PLAN - DIVIDEND,INF200KA1GU5,SBI DEBT FUND SERIES B - 26 (1100 DAYS) - DIRECT PLAN - DIVIDEND,debt fund series b 26 1100 days,1.0,True,False,False,True,Direct IDCW,,,
127478,Religare Invesco Fixed Maturity Plan - Series 22 - Plan K (367 Days) - Direct Plan - Dividend Payout Option,INF205K01ZH7,Religare Invesco Fixed Maturity Plan - Series 22 - Plan K (367 Days) - Direct Plan - Dividend Payout Option,religare invesco fixed maturity series 22 k 367 days,1.0,True,False,False,True,Direct IDCW,,,
119545,Sundaram Equity Hybrid Fund Direct Plan - Income Distribution cum Capital Withdrawal (IDCW),INF903J01MN5,Sundaram Equity Hybrid Fund Direct Plan - Income Distribution cum Capital Withdrawal (IDCW),equity hybrid fund income distribution cum capital withdrawal,1.0,True,False,False,True,Direct IDCW,,,
142569,NIPPON INDIA FIXED HORIZON FUND - XXXVI - SERIES 6 - DIRECT Plan - IDCW Option,INF204KB1VB9,NIPPON INDIA FIXED HORIZON FUND - XXXVI - SERIES 6 - DIRECT Plan - IDCW Option,fixed horizon fund xxxvi series 6,1.0,True,False,False,True,Direct IDCW,,,
142733,IDFC Fixed Term Plan Series 142 Direct Plan -Halfyearly-IDCW (1139 Days),INF194KA12F7,IDFC Fixed Term Plan Series 142 Direct Plan -Halfyearly-IDCW (1139 Days),fixed term series 142 halfyearly 1139 days,1.0,True,False,False,True,Direct IDCW,,,
119703,Sundaram Fixed Income Interval Fund- Quarterly Series-Plan E - Direct Plan - Dividend Payout,INF903J01PY5,Sundaram Fixed Income Interval Fund- Quarterly Series-Plan E - Direct Plan - Dividend Payout,fixed income interval fund quarterly series e,1.0,True,False,False,True,Direct IDCW,,,
120787,UTI - CRTS 81 - Dividend Option- Direct,,UTI - CRTS 81 - Dividend Option- Direct,crts 81,1.0,True,False,False,True,Direct IDCW,,,
135182,ICICI Prudential Capital Protection Oriented Fund - Series VIII -1105 Days Plan H Direct Plan Dividend Option,INF109KB1LC4,ICICI Prudential Capital Protection Oriented Fund - Series VIII -1105 Days Plan H Direct Plan Dividend Option,capital protection oriented fund series viii 1105 days h,1.0,True,False,False,True,Direct IDCW,,,
129198,HSBC Income Plus Arbitrage Active FOF Direct Plan IDCW,INF336L01IN2,HSBC Income Plus Arbitrage Active FOF Direct Plan IDCW,hsbc income plus arbitrage active fof,1.0,True,False,False,True,Direct IDCW,,,
141571,UTI FTIF Series XXVII-III (1096 Days) - Direct Plan - Maturity Div Option,INF789FC1N41,UTI FTIF Series XXVII-III (1096 Days) - Direct Plan - Maturity Div Option,ftif series xxvii iii 1096 days maturity,1.0,True,False,False,True,Direct IDCW,,,
129270,UTI FTIF Series XVIII -VI (367 DAYS)-Quarterly Div Option - Direct,INF789FA1GI6,UTI FTIF Series XVIII -VI (367 DAYS)-Quarterly Div Option - Direct,ftif series xviii vi 367 days quarterly,1.0,True,False,False,True,Direct IDCW,,,
119515,Aditya Birla Sun Life Infrastructure Fund -  Direct - IDCW,INF209K01WG8,Aditya Birla Sun Life Infrastructure Fund -  Direct - IDCW,infrastructure fund,1.0,True,False,False,True,Direct IDCW,,,
118522,Templeton India CHILDREN's ASSET PLAN GIFT - Direct - Dividend,INF090I01KK3,Templeton India CHILDREN's ASSET PLAN GIFT - Direct - Dividend,templeton india children's asset gift,1.0,True,False,False,True,Direct IDCW,,,
119416,Baroda BNP Paribas LIQUID FUND - DIRECT PLAN - WEEKLY IDCW OPTION,INF251K01SL8,Baroda BNP Paribas LIQUID FUND - DIRECT PLAN - WEEKLY IDCW OPTION,baroda bnp paribas liquid fund weekly,1.0,True,False,False,True,Direct IDCW,,,
133333,SBI DEBT FUND SERIES B - 6 (1111 DAYS) - DIRECT PLAN - DIVIDEND,INF200KA1267,SBI DEBT FUND SERIES B - 6 (1111 DAYS) - DIRECT PLAN - DIVIDEND,debt fund series b 6 1111 days,1.0,True,False,False,True,Direct IDCW,,,
148458,NIPPON INDIA MULTI ASSET ALLOCATION FUND - DIRECT Plan - IDCW Option,INF204KB10W1,NIPPON INDIA MULTI ASSET ALLOCATION FUND - DIRECT Plan - IDCW Option,multi asset allocation fund,1.0,True,False,False,True,Direct IDCW,,,
135096,HDFC FMP 1126D July 2015 (1) - Direct Option - Dividend Option,INF179KB1FX7,HDFC FMP 1126D July 2015 (1) - Direct Option - Dividend Option,fmp 1126d july 2015 1,1.0,True,False,False,True,Direct IDCW,,,
144648,DSP Corporate Bond Fund - Direct - IDCW - Quarterly ,INF740KA1KJ7,DSP Corporate Bond Fund - Direct - IDCW - Quarterly,corporate bond fund quarterly,1.0,True,False,False,True,Direct IDCW,,,
123996,SBI DEBT FUND SERIES - 366 DAYS - 38 - DIRECT PLAN - DIVIDEND,INF200K015R7,SBI DEBT FUND SERIES - 366 DAYS - 38 - DIRECT PLAN - DIVIDEND,debt fund series 366 days 38,1.0,True,False,False,True,Direct IDCW,,,
145033,NIPPON INDIA FIXED HORIZON FUND - XXXIX - SERIES 8 - DIRECT Plan - IDCW Option,INF204KB1K53,NIPPON INDIA FIXED HORIZON FUND - XXXIX - SERIES 8 - DIRECT Plan - IDCW Option,fixed horizon fund xxxix series 8,1.0,True,False,False,True,Direct IDCW,,,
143262,Parag Parikh Liquid Fund- Direct Plan- Monthly IDCW,INF879O01076,Parag Parikh Liquid Fund- Direct Plan- Monthly IDCW,parag parikh liquid fund monthly,1.0,True,False,False,True,Direct IDCW,,,
136473,LIC MF Nifty 100 ETF,INF767K01PC8,LIC MF Nifty 100 ETF,nifty 100 etf,1.0,False,False,False,False,Other,,,
106549,UTI - Fixed Income Interval Fund - Monthly Interval Plan - Institutional Dividend Option,INF789F01EV6,UTI - Fixed Income Interval Fund - Monthly Interval Plan - Institutional Dividend Option,fixed income interval fund monthly interval,1.0,False,False,False,True,Other,,,
145625,ICICI Prudential Fixed Maturity Plan - Series 84 - 1288 Days Plan O - Direct Plan Cumulative Option,INF109KC1PJ9,ICICI Prudential Fixed Maturity Plan - Series 84 - 1288 Days Plan O - Direct Plan Cumulative Option,fixed maturity series 84 1288 days o cumulative,1.0,True,False,False,False,Other,,,
127121,UTI FTIF Series XVII -X (367 DAYS)-Maturity Div Option,INF789FA1040,UTI FTIF Series XVII -X (367 DAYS)-Maturity Div Option,ftif series xvii x 367 days maturity,1.0,False,False,False,True,Other,,,
110673,Kotak Quarterly Interval Plan Series 10 - Dividend,INF174K01CL6,Kotak Quarterly Interval Plan Series 10 - Dividend,quarterly interval series 10,1.0,False,False,False,True,Other,,,
127234,ICICI Prudential Fixed Maturity Plan-Series 72-367 Days Plan R - Dividend,INF109KA17W9,ICICI Prudential Fixed Maturity Plan-Series 72-367 Days Plan R - Dividend,fixed maturity series 72 367 days r,1.0,False,False,False,True,Other,,,
141611,Nippon India Fixed Horizon Fund XXXIV- Series 8- Dividend Payout Option,INF204KB1PR7,Nippon India Fixed Horizon Fund XXXIV- Series 8- Dividend Payout Option,fixed horizon fund xxxiv series 8,1.0,False,False,False,True,Other,,,
133388,JM Dynamic Bond Fund - (Direct) - Half Yearly Bonus Option - Principal Units,INF192K01IP6,JM Dynamic Bond Fund - (Direct) - Half Yearly Bonus Option - Principal Units,jm dynamic bond fund half yearly principal units,1.0,True,False,False,False,Other,,,
131178,ICICI Prudential Capital Protection Oriented Fund - Series VI - 1100 Days Plan H Dividend Option,INF109KA1Q19,ICICI Prudential Capital Protection Oriented Fund - Series VI - 1100 Days Plan H Dividend Option,capital protection oriented fund series vi 1100 days h,1.0,False,False,False,True,Other,,,
133034,Kotak  Arbitrage Fund -Payout of Income Distribution cum capital withdrawal option Bimonthly,INF174K01F18,Kotak  Arbitrage Fund -Payout of Income Distribution cum capital withdrawal option Bimonthly,arbitrage fund of income distribution cum capital withdrawal bimonthly,1.0,False,False,False,True,Other,,,
117239,ICICI Prudential Fixed Maturity Plan-Series 64-367 Days Plan A Dividend,INF109K01C29,ICICI Prudential Fixed Maturity Plan-Series 64-367 Days Plan A Dividend,fixed maturity series 64 367 days a,1.0,False,False,False,True,Other,,,
147859,ICICI Prudential Fixed Maturity Plan - Series 87 - 1214 Days Plan A - Direct Plan Cumulative Option,INF109KC1G58,ICICI Prudential Fixed Maturity Plan - Series 87 - 1214 Days Plan A - Direct Plan Cumulative Option,fixed maturity series 87 1214 days a cumulative,1.0,True,False,False,False,Other,,,
146017,ICICI Prudential Fixed Maturity Plan - Series 84 - 1204 Days Plan Y - Cumulative Option,INF109KC1RW8,ICICI Prudential Fixed Maturity Plan - Series 84 - 1204 Days Plan Y - Cumulative Option,fixed maturity series 84 1204 days y cumulative,1.0,False,False,False,False,Other,,,
140153,Nippon India Fixed Horizon Fund XXXII- Series 1- Dividend Payout Option,INF204KB1FN7,Nippon India Fixed Horizon Fund XXXII- Series 1- Dividend Payout Option,fixed horizon fund xxxii series 1,1.0,False,False,False,True,Other,,,
121090,ICICI Prudential Capital Protection Oriented Fund III - PLAN F - 36 Months - Dividend,INF109K012F1,ICICI Prudential Capital Protection Oriented Fund III - PLAN F - 36 Months - Dividend,capital protection oriented fund iii f 36 months,1.0,False,False,False,True,Other,,,
118035,Reliance Fixed Horizon Fund - XXII - Series 33- Grwoth Option,INF204K01WF1,Reliance Fixed Horizon Fund - XXII - Series 33- Grwoth Option,reliance fixed horizon fund xxii series 33 grwoth,1.0,False,False,False,False,Other,,,
116503,Kotak FMP Series 71 (18M) - Dividend,INF174K01HE0,Kotak FMP Series 71 (18M) - Dividend,fmp series 71 18m,1.0,False,False,False,True,Other,,,
148282,NIPPON INDIA EQUITY SAVINGS FUND -  SEGREGATED PORTFOLIO 2 - MONTHLY IDCW Option,INF204KB11T5,NIPPON INDIA EQUITY SAVINGS FUND -  SEGREGATED PORTFOLIO 2 - MONTHLY IDCW Option,equity savings fund segregated portfolio 2 monthly,1.0,False,False,False,True,Other,,,
116445,Birla Sun Life Fixed Term Plan-Series EC-Dividend,INF209K01NW4,Birla Sun Life Fixed Term Plan-Series EC-Dividend,birla sun life fixed term series ec,1.0,False,False,False,True,Other,,,
142582,ICICI Prudential Fixed Maturity Plan - Series 82 - 1185 Days Plan N - Direct Plan Cumulative Option,INF109KC1AC6,ICICI Prudential Fixed Maturity Plan - Series 82 - 1185 Days Plan N - Direct Plan Cumulative Option,fixed maturity series 82 1185 days n cumulative,1.0,True,False,False,False,Other,,,
129832,UTI FTIF Series XVIII - XII (366 Days) - Maturity Div Option,INF789FA1KM0,UTI FTIF Series XVIII - XII (366 Days) - Maturity Div Option,ftif series xviii xii 366 days maturity,1.0,False,False,False,True,Other,,,
150518,Motilal Oswal BSE Enhanced Value Index Fund-Direct plan,INF247L01BF2,Motilal Oswal BSE Enhanced Value Index Fund-Direct plan,bse enhanced value index fund,1.0,True,False,False,False,Other,,,
120965,Reliance Fixed Horizon Fund - XXIII - Series 1 - Dividend Payout Option,INF204K01X51,Reliance Fixed Horizon Fund - XXIII - Series 1 - Dividend Payout Option,reliance fixed horizon fund xxiii series 1,1.0,False,False,False,True,Other,,,
130247,UTI FTIF Series XIX - III (368 Days) - Flexi Div Option,INF789FA1OG4,UTI FTIF Series XIX - III (368 Days) - Flexi Div Option,ftif series xix iii 368 days flexi,1.0,False,False,False,True,Other,,,
115485,DWS Ultra Short Term Fund - Premium Plus Plan - Annual Dividend,INF223J01JN4,DWS Ultra Short Term Fund - Premium Plus Plan - Annual Dividend,dws ultra short term fund premium plus annual,1.0,False,False,False,True,Other,,,
115923,ICICI Prudential Fixed Maturity Plan - Series 57 - 3 Year Plan B Cumulative,INF109K01WC9,ICICI Prudential Fixed Maturity Plan - Series 57 - 3 Year Plan B Cumulative,fixed maturity series 57 3 year b cumulative,1.0,False,False,False,False,Other,,,
149891,Aditya Birla Sun Life Crisil IBX AAA- Jun 2023 Index Fund,INF209KB10H1,Aditya Birla Sun Life Crisil IBX AAA- Jun 2023 Index Fund,crisil ibx aaa jun 2023 index fund,1.0,False,False,False,False,Other,,,
146112,ICICI Prudential Fixed Maturity Plan - Series 84 - 1188 Days Plan Z - Cumulative Option,INF109KC1SC8,ICICI Prudential Fixed Maturity Plan - Series 84 - 1188 Days Plan Z - Cumulative Option,fixed maturity series 84 1188 days z cumulative,1.0,False,False,False,False,Other,,,
109216,Aditya Birla Sun Life Short Term Fund-Institutional Dividend Plan,INF209K01959,Aditya Birla Sun Life Short Term Fund-Institutional Dividend Plan,short term fund,1.0,False,False,False,True,Other,,,
116624,SBI DEBT FUND SERIES - 367 DAYS - 15 - DIVIDEND,INF200K01KM0,SBI DEBT FUND SERIES - 367 DAYS - 15 - DIVIDEND,debt fund series 367 days 15,1.0,False,False,False,True,Other,,,
149443,Franklin India Overnight Fund- Unclaimed IDCW Plan,,Franklin India Overnight Fund- Unclaimed IDCW Plan,india overnight fund unclaimed,1.0,False,False,False,True,Other,,,
117222,Reliance Dual Advantage Fixed Tenure Fund II - Plan C - Dividend Payout Option,INF204KA1X68,Reliance Dual Advantage Fixed Tenure Fund II - Plan C - Dividend Payout Option,reliance dual advantage fixed tenure fund ii c,1.0,False,False,False,True,Other,,,
109744,ICICI Prudential Bond Fund- Institutional Monthly Dividend,INF109K01ES3,ICICI Prudential Bond Fund- Institutional Monthly Dividend,bond fund monthly,1.0,False,False,False,True,Other,,,
152655,SBI Automotive Opportunities Fund - Direct Plan - Income Distribution Cum Capital Withdrawal Option,INF200KB1191,SBI Automotive Opportunities Fund - Direct Plan - Income Distribution Cum Capital Withdrawal Option,automotive opportunities fund income distribution cum capital withdrawal,1.0,True,False,False,False,Other,,,
140562,Nippon India Fixed Horizon Fund - XXXII - Series 9 - Dividend Payout Option,INF204KB1HN3,Nippon India Fixed Horizon Fund - XXXII - Series 9 - Dividend Payout Option,fixed horizon fund xxxii series 9,1.0,False,False,False,True,Other,,,
102545,UTI Low Duration Fund - Regular Plan - Bonus Option,INF789F01OS1,UTI Low Duration Fund - Regular Plan - Bonus Option,low duration fund,1.0,False,True,False,False,Other,,,
142763,ICICI Prudential Fixed Maturity Plan - Series 82 - 1136 Days Plan P - Quarterly IDCW Option,INF109KC1AL7,ICICI Prudential Fixed Maturity Plan - Series 82 - 1136 Days Plan P - Quarterly IDCW Option,fixed maturity series 82 1136 days p quarterly,1.0,False,False,False,True,Other,,,
139472,ICICI Prudential Capital Protection Oriented Fund - Series X - 1375 Days Plan B Dividend Plan,INF109KB1XA3,ICICI Prudential Capital Protection Oriented Fund - Series X - 1375 Days Plan B Dividend Plan,capital protection oriented fund series x 1375 days b,1.0,False,False,False,True,Other,,,
117674,HDFC FMP 371D July 2012 (2)-Dividend Option,INF179K01SP2,HDFC FMP 371D July 2012 (2)-Dividend Option,fmp 371d july 2012 2,1.0,False,False,False,True,Other,,,
143718,ICICI Prudential Fixed Maturity Plan - Series 83 - 1108 Days Plan H - Cumulative Option,INF109KC1FM4,ICICI Prudential Fixed Maturity Plan - Series 83 - 1108 Days Plan H - Cumulative Option,fixed maturity series 83 1108 days h cumulative,1.0,False,False,False,False,Other,,,
127052,ICICI Prudential Fixed Maturity Plan-Series 72-368 Days Plan P - Cumulative,INF109KA12Y6,ICICI Prudential Fixed Maturity Plan-Series 72-368 Days Plan P - Cumulative,fixed maturity series 72 368 days p cumulative,1.0,False,False,False,False,Other,,,
130951,ICICI Prudential Equity Arbitrage Fund - Direct Plan Bonus,INF109KA1C07,ICICI Prudential Equity Arbitrage Fund - Direct Plan Bonus,equity arbitrage fund,1.0,True,False,False,False,Other,,,
130421,HDFC FMP 750D June 2014 (1) - Direct Option - Flexi Option,INF179KA1TD1,HDFC FMP 750D June 2014 (1) - Direct Option - Flexi Option,fmp 750d june 2014 1 flexi,1.0,True,False,False,False,Other,,,
130251,UTI FTIF Series XIX - IV (366 Days) - Quarterly Div Option,INF789FB1B70,UTI FTIF Series XIX - IV (366 Days) - Quarterly Div Option,ftif series xix iv 366 days quarterly,1.0,False,False,False,True,Other,,,
147995,Franklin India Low Duration Fund- Segregated Portfolio 2 - 10.90% Vodafone Idea Ltd (02-Sep-2023) - Monthly - IDCW,INF090I01UE5,Franklin India Low Duration Fund- Segregated Portfolio 2 - 10.90% Vodafone Idea Ltd (02-Sep-2023) - Monthly - IDCW,india low duration fund segregated portfolio 2 10 90% vodafone idea ltd 02 sep 2023 monthly,1.0,False,False,False,True,Other,,,
147348,ICICI Prudential MNC Fund - IDCW Option,INF109KC1D77,ICICI Prudential MNC Fund - IDCW Option,mnc fund,1.0,False,False,False,True,Other,,,
149310,Unclaimed Redemption - Upto 3 years (Invested in DSP Overnight Fund),,Unclaimed Redemption - Upto 3 years (Invested in DSP Overnight Fund),unclaimed redemption upto 3 years invested in dsp overnight fund,1.0,False,False,False,False,Other,,,
131007,ICICI Prudential Fixed Maturity Plan - Series 75 - 1100 Days Plan G Direct Plan Cumulative Option,INF109KA1K80,ICICI Prudential Fixed Maturity Plan - Series 75 - 1100 Days Plan G Direct Plan Cumulative Option,fixed maturity series 75 1100 days g cumulative,1.0,True,False,False,False,Other,,,
116953,TFMP Series 39 Scheme I-Periodic Dividend,INF277K01HF8,TFMP Series 39 Scheme I-Periodic Dividend,tfmp series 39 scheme i periodic,1.0,False,False,False,True,Other,,,
121877,ICICI Prudential Fixed Maturity Plan-Series 67-3 Year Plan F - Dividend,INF109K010V2,ICICI Prudential Fixed Maturity Plan-Series 67-3 Year Plan F - Dividend,fixed maturity series 67 3 year f,1.0,False,False,False,True,Other,,,
141875,DSP Nifty 50 Equal Weight Index Fund - Regular Plan - Growth,INF740KA1CO4,DSP Nifty 50 Equal Weight Index Fund - Regular Plan - Growth,nifty 50 equal weight index fund,1.0,False,True,True,False,Regular Growth,,,
128604,HDFC FMP 390D March 2014 (1) - Regular Option-Growth Option,INF179KA17P6,HDFC FMP 390D March 2014 (1) - Regular Option-Growth Option,fmp 390d march 2014 1,1.0,False,True,True,False,Regular Growth,,,
123763,Sundaram Fixed Term Plan DT Regular Plan Growth,INF903J010U5,Sundaram Fixed Term Plan DT Regular Plan Growth,fixed term dt,1.0,False,True,True,False,Regular Growth,,,
129462,IDFC FTP-S 92(735 Days)_Regular Plan_Growth,INF194KA1D73,IDFC FTP-S 92(735 Days)_Regular Plan_Growth,ftp s 92 735 days _regular plan_growth,1.0,False,True,True,False,Regular Growth,,,
117541,Canara Robeco Gold Savings Fund - Regular Plan - Growth,INF760K01BW1,Canara Robeco Gold Savings Fund - Regular Plan - Growth,canara robeco gold savings fund,1.0,False,True,True,False,Regular Growth,,,
106166,CANARA ROBECO EQUITY HYBRID FUND - REGULAR PLAN - GROWTH OPTION,INF760K01050,CANARA ROBECO EQUITY HYBRID FUND - REGULAR PLAN - GROWTH OPTION,canara robeco equity hybrid fund,1.0,False,True,True,False,Regular Growth,,,
153174,Axis CRISIL-IBX AAA Bond NBFC-HFC - Jun 2027 Index Fund - Regular Plan - Growth option,INF846K016Z8,Axis CRISIL-IBX AAA Bond NBFC-HFC - Jun 2027 Index Fund - Regular Plan - Growth option,crisil ibx aaa bond nbfc hfc jun 2027 index fund,1.0,False,True,True,False,Regular Growth,,,
147405,Shriram Balanced Advantage Fund - Regular Growth,INF680P01174,Shriram Balanced Advantage Fund - Regular Growth,shriram balanced advantage fund,1.0,False,True,True,False,Regular Growth,,,
127684,IDFC FTP S-77(1170 Days)_Regular Plan_Growth,INF194KA1B34,IDFC FTP S-77(1170 Days)_Regular Plan_Growth,ftp s 77 1170 days _regular plan_growth,1.0,False,True,True,False,Regular Growth,,,
151235,Tata Multicap Fund - Regular Plan - Growth,INF277KA1703,Tata Multicap Fund - Regular Plan - Growth,multicap fund,1.0,False,True,True,False,Regular Growth,,,
106060,UTI Quarterly Interval Fund - I - Regular Plan - Growth Option,INF789F01GE7,UTI Quarterly Interval Fund - I - Regular Plan - Growth Option,quarterly interval fund i,1.0,False,True,True,False,Regular Growth,,,
124002,SBI DEBT FUND SERIES - 36 MONTHS - 5 - REGULAR PLAN - GROWTH,INF200K01D67,SBI DEBT FUND SERIES - 36 MONTHS - 5 - REGULAR PLAN - GROWTH,debt fund series 36 months 5,1.0,False,True,True,False,Regular Growth,,,
129435,Aditya Birla Sun Life Fixed Term Plan - Series LG (1157 days) - Regular Plan-Growth,INF209KA1Z65,Aditya Birla Sun Life Fixed Term Plan - Series LG (1157 days) - Regular Plan-Growth,fixed term series lg 1157 days,1.0,False,True,True,False,Regular Growth,,,
128596,SBI DEBT FUND SERIES A - 12 REGULAR PLAN - GROWTH,INF200K010C0,SBI DEBT FUND SERIES A - 12 REGULAR PLAN - GROWTH,debt fund series a 12,1.0,False,True,True,False,Regular Growth,,,
144636,BNP Paribas India Consumption Fund - Regular Plan - Growth Option,INF251K01PQ3,BNP Paribas India Consumption Fund - Regular Plan - Growth Option,bnp paribas india consumption fund,1.0,False,True,True,False,Regular Growth,,,
139405,SBI DEBT FUND SERIES B - 41(1100 DAYS)- REGULAR PALN - GROWTH,INF200KA1JP9,SBI DEBT FUND SERIES B - 41(1100 DAYS)- REGULAR PALN - GROWTH,debt fund series b 41 1100 days paln,1.0,False,True,True,False,Regular Growth,,,
152816,PGIM India Multi Cap Fund - Regular Plan - Growth Option,INF663L01Y87,PGIM India Multi Cap Fund - Regular Plan - Growth Option,pgim india multi cap fund,1.0,False,True,True,False,Regular Growth,,,
131864,Aditya Birla Sun Life Multi Asset Omni FoF- Regular Plan - Growth Option,INF084M01AE2,Aditya Birla Sun Life Multi Asset Omni FoF- Regular Plan - Growth Option,multi asset omni fof,1.0,False,True,True,False,Regular Growth,,,
152439,Edelweiss Technology Fund - Regular Plan - Growth,INF754K01SG1,Edelweiss Technology Fund - Regular Plan - Growth,edelweiss technology fund,1.0,False,True,True,False,Regular Growth,,,
125019,Canara Robeco Capital Protection Oriented Fund- Series 2 (Plan A) - Regular Plan - Growth,INF760K01GW0,Canara Robeco Capital Protection Oriented Fund- Series 2 (Plan A) - Regular Plan - Growth,canara robeco capital protection oriented fund series 2 a,1.0,False,True,True,False,Regular Growth,,,
147752,SBI Fixed Maturity Plan (FMP) - Series 22 (1106 Days) - Regular Plan - Growth,INF200KA1M10,SBI Fixed Maturity Plan (FMP) - Series 22 (1106 Days) - Regular Plan - Growth,fixed maturity fmp series 22 1106 days,1.0,False,True,True,False,Regular Growth,,,
149020,PGIM India Small Cap Fund - Regular Plan - Growth Option,INF663L01W30,PGIM India Small Cap Fund - Regular Plan - Growth Option,pgim india small cap fund,1.0,False,True,True,False,Regular Growth,,,
109175,JPMorgan India Active Bond Fund - Retail Plan - Growth Option,INF843K01344,JPMorgan India Active Bond Fund - Retail Plan - Growth Option,jpmorgan india active bond fund,1.0,False,True,True,False,Regular Growth,,,
128147,Axis Fixed Term Plan - Series 61 (1122 Days) - Regular Plan - Growth,INF846K01MS3,Axis Fixed Term Plan - Series 61 (1122 Days) - Regular Plan - Growth,fixed term series 61 1122 days,1.0,False,True,True,False,Regular Growth,,,
126709,HDFC FMP 370D January 2014 (1)- Regular Option-Growth Option,INF179KA1Y38,HDFC FMP 370D January 2014 (1)- Regular Option-Growth Option,fmp 370d january 2014 1,1.0,False,True,True,False,Regular Growth,,,
144838,Sundaram Services Fund Regular Plan - Growth,INF903JA1EX7,Sundaram Services Fund Regular Plan - Growth,services fund,1.0,False,True,True,False,Regular Growth,,,
143552,Aditya Birla Sun Life Fixed Term Plan - Series PZ (1120 days) - Regular Plan-Growth,INF209KB1QG3,Aditya Birla Sun Life Fixed Term Plan - Series PZ (1120 days) - Regular Plan-Growth,fixed term series pz 1120 days,1.0,False,True,True,False,Regular Growth,,,
129224,JPMorgan India Fixed Maturity Plan - Series 38 - Regular Plan - Growth Option,INF843K01IM1,JPMorgan India Fixed Maturity Plan - Series 38 - Regular Plan - Growth Option,jpmorgan india fixed maturity series 38,1.0,False,True,True,False,Regular Growth,,,
124821,Birla Sun Life Fixed Term Plan - Series IH (1098 days) - Regular Plan-Growth,INF209KA1RF4,Birla Sun Life Fixed Term Plan - Series IH (1098 days) - Regular Plan-Growth,birla sun life fixed term series ih 1098 days,1.0,False,True,True,False,Regular Growth,,,
150782,Kotak FMP Series 297-Regular Plan-Growth,INF174KA1KC7,Kotak FMP Series 297-Regular Plan-Growth,fmp series 297,1.0,False,True,True,False,Regular Growth,,,
146744,DSP FMP Series - 251 - 38M - Regular Plan - Growth,INF740KA1NB8,DSP FMP Series - 251 - 38M - Regular Plan - Growth,fmp series 251 38m,1.0,False,True,True,False,Regular Growth,,,
134619,Axis Hybrid Fund - Series 23 - Regular Plan - Growth,INF846K01UX6,Axis Hybrid Fund - Series 23 - Regular Plan - Growth,hybrid fund series 23,1.0,False,True,True,False,Regular Growth,,,
138719,DHFL Pramerica FIXED MATURITY PLAN - SERIES 56 - REGULAR PLAN -GROWTH,INF663L01SV1,DHFL Pramerica FIXED MATURITY PLAN - SERIES 56 - REGULAR PLAN -GROWTH,dhfl pramerica fixed maturity series 56,1.0,False,True,True,False,Regular Growth,,,
104523,SBI ESG Exclusionary Strategy Fund - Regular Plan - Growth,INF200K01214,SBI ESG Exclusionary Strategy Fund - Regular Plan - Growth,esg exclusionary strategy fund,1.0,False,True,True,False,Regular Growth,,,
140763,SBI DEBT FUND SERIES B - 49 (1170 DAYS) - REGULAR PLAN - GROWTH,INF200KA1MS7,SBI DEBT FUND SERIES B - 49 (1170 DAYS) - REGULAR PLAN - GROWTH,debt fund series b 49 1170 days,1.0,False,True,True,False,Regular Growth,,,
138990,PGIM India Large Cap Fund - Series 2 - Regular Plan - Growth,INF223JA1BH9,PGIM India Large Cap Fund - Series 2 - Regular Plan - Growth,pgim india large cap fund series 2,1.0,False,True,True,False,Regular Growth,,,
138608,DHFL Pramerica FIXED MATURITY PLAN - SERIES 31- REGULAR PLAN - GROWTH,INF223JA1JF6,DHFL Pramerica FIXED MATURITY PLAN - SERIES 31- REGULAR PLAN - GROWTH,dhfl pramerica fixed maturity series 31,1.0,False,True,True,False,Regular Growth,,,
106833,ICICI Prudential Interval Fund - Annual Interval Plan IV - Retail Growth,INF109K01KH3,ICICI Prudential Interval Fund - Annual Interval Plan IV - Retail Growth,interval fund annual interval iv,1.0,False,True,True,False,Regular Growth,,,
142794,UTI FTIF Series XXVIII-XI (1161 Days) - Regular Plan - Growth Option,INF789FC10K4,UTI FTIF Series XXVIII-XI (1161 Days) - Regular Plan - Growth Option,ftif series xxviii xi 1161 days,1.0,False,True,True,False,Regular Growth,,,
123486,BOI AXA FIXED MATURITY PLAN - SERIES 5 PLAN -REGULAR GROWTH,INF761K01AG4,BOI AXA FIXED MATURITY PLAN - SERIES 5 PLAN -REGULAR GROWTH,boi axa fixed maturity series 5,1.0,False,True,True,False,Regular Growth,,,
131222,JPMorgan India Corporate Debt Opportunities Fund - Regular Plan - Growth Option,INF843K01JS6,JPMorgan India Corporate Debt Opportunities Fund - Regular Plan - Growth Option,jpmorgan india corporate debt opportunities fund,1.0,False,True,True,False,Regular Growth,,,
130771,Axis Arbitrage Fund - Regular Plan - Growth,INF846K01QC8,Axis Arbitrage Fund - Regular Plan - Growth,arbitrage fund,1.0,False,True,True,False,Regular Growth,,,
142783,DSP FMP Series - 223 - 39M - Regular Plan - Growth,INF740KA1FB4,DSP FMP Series - 223 - 39M - Regular Plan - Growth,fmp series 223 39m,1.0,False,True,True,False,Regular Growth,,,
148535,ITI Banking & PSU Debt Fund - Regular Plan - Growth Option,INF00XX01838,ITI Banking & PSU Debt Fund - Regular Plan - Growth Option,iti banking & psu debt fund,1.0,False,True,True,False,Regular Growth,,,
144271,IDFC Fixed Term Plan Series 159 REGULAR PLAN-GROWTH (1098 days),INF194KA11W4,IDFC Fixed Term Plan Series 159 REGULAR PLAN-GROWTH (1098 days),fixed term series 159 1098 days,1.0,False,True,True,False,Regular Growth,,,
122004,HDFC FMP 403D March 2013 (1) - Regular Option - Growth Option,INF179K01J84,HDFC FMP 403D March 2013 (1) - Regular Option - Growth Option,fmp 403d march 2013 1,1.0,False,True,True,False,Regular Growth,,,
125722,SBI DEBT FUND SERIES - 36 MONTHS - 7 - REGULAR PLAN - GROWTH,INF200K01E41,SBI DEBT FUND SERIES - 36 MONTHS - 7 - REGULAR PLAN - GROWTH,debt fund series 36 months 7,1.0,False,True,True,False,Regular Growth,,,
138766,DHFL Pramerica FIXED MATURITY PLAN - SERIES 63 - REGULAR PLAN -GROWTH,INF223JA1FN8,DHFL Pramerica FIXED MATURITY PLAN - SERIES 63 - REGULAR PLAN -GROWTH,dhfl pramerica fixed maturity series 63,1.0,False,True,True,False,Regular Growth,,,
154258,Helios Arbitrage Fund - Regular Growth,INF0R8701418,Helios Arbitrage Fund - Regular Growth,helios arbitrage fund,1.0,False,True,True,False,Regular Growth,,,
103098,UTI Value Fund - Regular Plan - Growth Option,INF789F01AG5,UTI Value Fund - Regular Plan - Growth Option,value fund,1.0,False,True,True,False,Regular Growth,,,
152807,Baroda BNP Paribas Dividend Yield Fund - Regular Plan - Growth Option,INF251K01TS1,Baroda BNP Paribas Dividend Yield Fund - Regular Plan - Growth Option,baroda bnp paribas yield fund,1.0,False,True,False,True,Regular IDCW,,,
107226,UTI FIIF Half Yearly Plan II - Regular Plan - IDCW,INF789F01HG0,UTI FIIF Half Yearly Plan II - Regular Plan - IDCW,fiif half yearly ii,1.0,False,True,False,True,Regular IDCW,,,
144331,Invesco India Fixed Maturity Plan - Series 32 - Plan C - Regular - IDCW (Payout),INF205K014R5,Invesco India Fixed Maturity Plan - Series 32 - Plan C - Regular - IDCW (Payout),india fixed maturity series 32 c,1.0,False,True,False,True,Regular IDCW,,,
129568,DWS FIXED MATURITY PLAN - SERIES 68 - REGULAR PLAN -QUARTERLY DIVIDEND,INF223J016A7,DWS FIXED MATURITY PLAN - SERIES 68 - REGULAR PLAN -QUARTERLY DIVIDEND,dws fixed maturity series 68 quarterly,1.0,False,True,False,True,Regular IDCW,,,
131093,Aditya Birla Sun Life Fixed Term Plan - Series LV (1099 days) - Regular Plan - Quarterly Dividend,INF209KA1OF1,Aditya Birla Sun Life Fixed Term Plan - Series LV (1099 days) - Regular Plan - Quarterly Dividend,fixed term series lv 1099 days quarterly,1.0,False,True,False,True,Regular IDCW,,,
145766,IDFC Fixed Term Plan Series 163 REGULAR PLAN-PERIODIC IDCW (1223 days),INF194KB1140,IDFC Fixed Term Plan Series 163 REGULAR PLAN-PERIODIC IDCW (1223 days),fixed term series 163 periodic 1223 days,1.0,False,True,False,True,Regular IDCW,,,
124332,L&T FMP Series - VIII-Plan I-Dividend Option - Regular Plan,INF917K01RT9,L&T FMP Series - VIII-Plan I-Dividend Option - Regular Plan,l&t fmp series viii i,1.0,False,True,False,True,Regular IDCW,,,
152291,Tata Gold ETF Fund of Fund Regular Plan IDCW Reinvestment Option,,Tata Gold ETF Fund of Fund Regular Plan IDCW Reinvestment Option,gold etf fund of fund,1.0,False,True,False,True,Regular IDCW,,,
129637,Aditya Birla Sun Life Fixed Term Plan - Series LK (1148 days) - Regular Plan-Quarterly Dividend,INF209KA10B6,Aditya Birla Sun Life Fixed Term Plan - Series LK (1148 days) - Regular Plan-Quarterly Dividend,fixed term series lk 1148 days quarterly,1.0,False,True,False,True,Regular IDCW,,,
140202,Edelweiss Low Duration Fund - Retail Plan - Weekly Dividend Option,,Edelweiss Low Duration Fund - Retail Plan - Weekly Dividend Option,edelweiss low duration fund weekly,1.0,False,True,False,True,Regular IDCW,,,
144684,Aditya Birla Sun Life Fixed Term Plan - Series QQ (1100 days) -Regular -Quarterly IDCW,INF209KB1VG3,Aditya Birla Sun Life Fixed Term Plan - Series QQ (1100 days) -Regular -Quarterly IDCW,fixed term series qq 1100 days quarterly,1.0,False,True,False,True,Regular IDCW,,,
125659,SBI DEBT FUND SERIES - 366 DAYS - 47 - REGULAR PLAN - DIVIDEND,INF200KA1093,SBI DEBT FUND SERIES - 366 DAYS - 47 - REGULAR PLAN - DIVIDEND,debt fund series 366 days 47,1.0,False,True,False,True,Regular IDCW,,,
154431,Invesco India Ultra Short Duration Fund - Regular Plan - Weekly IDCW (Payout / Reinvestment),INF205KA1BQ9,Invesco India Ultra Short Duration Fund - Regular Plan - Weekly IDCW (Payout / Reinvestment),india ultra short duration fund weekly /,1.0,False,True,False,True,Regular IDCW,,,
141810,Groww ELSS Tax Saver Fund (formerly known as Indiabulls Tax Savings Fund)- Regular Plan- - Income Distribution cum capital withdrawal Option (Payout),INF666M01DO9,Groww ELSS Tax Saver Fund (formerly known as Indiabulls Tax Savings Fund)- Regular Plan- - Income Distribution cum capital withdrawal Option (Payout),groww elss tax saver fund formerly known as indiabulls tax savings fund income distribution cum capital withdrawal,1.0,False,True,False,True,Regular IDCW,,,
103167,Aditya Birla Sun Life Digital India Fund -Regular - IDCW,INF209K01132,Aditya Birla Sun Life Digital India Fund -Regular - IDCW,digital india fund,1.0,False,True,False,True,Regular IDCW,,,
105658,UTI Low Duration Fund - Regular Plan - Monthly IDCW,INF789F01OU7,UTI Low Duration Fund - Regular Plan - Monthly IDCW,low duration fund monthly,1.0,False,True,False,True,Regular IDCW,,,
115677,SBI Gold Fund - Regular Plan - Income Distribution cum Capital Withdrawal Option (IDCW),INF200K01HB9,SBI Gold Fund - Regular Plan - Income Distribution cum Capital Withdrawal Option (IDCW),gold fund income distribution cum capital withdrawal,1.0,False,True,False,True,Regular IDCW,,,
153048,Invesco India Multi Asset Allocation Fund - Regular Plan - IDCW,INF205KA1AA5,Invesco India Multi Asset Allocation Fund - Regular Plan - IDCW,india multi asset allocation fund,1.0,False,True,False,True,Regular IDCW,,,
147289,HSBC Overnight Fund - Regular Daily IDCW,,HSBC Overnight Fund - Regular Daily IDCW,hsbc overnight fund daily,1.0,False,True,False,True,Regular IDCW,,,
101805,JM Dynamic Bond Fund (Regular) - IDCW,INF192K01684,JM Dynamic Bond Fund (Regular) - IDCW,jm dynamic bond fund,1.0,False,True,False,True,Regular IDCW,,,
143774,SBI Debt Fund Series - C - 18 (1100 Days) - Regular Plan - Income Distribution cum Capital Withdrawal Option (IDCW),INF200KA1UH3,SBI Debt Fund Series - C - 18 (1100 Days) - Regular Plan - Income Distribution cum Capital Withdrawal Option (IDCW),debt fund series c 18 1100 days income distribution cum capital withdrawal,1.0,False,True,False,True,Regular IDCW,,,
133731,DWS Hybrid Fixed Term Fund - Series 35 - Regular Plan - Regular Dividend,INF223JA1677,DWS Hybrid Fixed Term Fund - Series 35 - Regular Plan - Regular Dividend,dws hybrid fixed term fund series 35,1.0,False,True,False,True,Regular IDCW,,,
107717,PineBridge India Short Term Fund-Retail Plan-Weekly Dividend Option,,PineBridge India Short Term Fund-Retail Plan-Weekly Dividend Option,pinebridge india short term fund weekly,1.0,False,True,False,True,Regular IDCW,,,
135783,Mirae Asset ELSS Tax Saver Fund - Regular Plan - IDCW,INF769K01DL1,Mirae Asset ELSS Tax Saver Fund - Regular Plan - IDCW,elss tax saver fund,1.0,False,True,False,True,Regular IDCW,,,
129569,DWS FIXED MATURITY PLAN - SERIES 68 - REGULAR PLAN -REGULAR DIVIDEND,INF223J015A9,DWS FIXED MATURITY PLAN - SERIES 68 - REGULAR PLAN -REGULAR DIVIDEND,dws fixed maturity series 68,1.0,False,True,False,True,Regular IDCW,,,
147077,UTI Fixed Term Income Fund Series XXXI-XII (1148 Days) - Regular Plan - Annual IDCW,INF789F1AKC2,UTI Fixed Term Income Fund Series XXXI-XII (1148 Days) - Regular Plan - Annual IDCW,fixed term income fund series xxxi xii 1148 days annual,1.0,False,True,False,True,Regular IDCW,,,
111745,NIPPON INDIA LOW DURATION FUND - RETAIL Plan - WEEKLY IDCW Option,INF204K01OP7,NIPPON INDIA LOW DURATION FUND - RETAIL Plan - WEEKLY IDCW Option,low duration fund weekly,1.0,False,True,False,True,Regular IDCW,,,
129762,Religare Invesco Fixed Maturity Plan - Series 23 - Plan N (367 Dys) - Regular Plan - Dividend Payout Option,INF205K01G93,Religare Invesco Fixed Maturity Plan - Series 23 - Plan N (367 Dys) - Regular Plan - Dividend Payout Option,religare invesco fixed maturity series 23 n 367 dys,1.0,False,True,False,True,Regular IDCW,,,
139953,HDFC FMP 1309D September 2016 (1) - Regular Option - Quarterly Dividend Option,INF179KB1WS2,HDFC FMP 1309D September 2016 (1) - Regular Option - Quarterly Dividend Option,fmp 1309d september 2016 1 quarterly,1.0,False,True,False,True,Regular IDCW,,,
154367,SBI CRISIL-IBX 10:90 GLIT + SDL INDEX DEC 2029 INDEX FUND - REGULAR - IDCW,INF200KB1BG4,SBI CRISIL-IBX 10:90 GLIT + SDL INDEX DEC 2029 INDEX FUND - REGULAR - IDCW,crisil ibx 10:90 glit + sdl index dec 2029 index fund,1.0,False,True,False,True,Regular IDCW,,,
140417,UTI FTIF Series XXV-XII (1198 Days)- Regular Plan - Maturity Div Option,INF789FC1HA9,UTI FTIF Series XXV-XII (1198 Days)- Regular Plan - Maturity Div Option,ftif series xxv xii 1198 days maturity,1.0,False,True,False,True,Regular IDCW,,,
133390,JM Dynamic Bond Fund (Regular) - Monthly IDCW,INF192K01IJ9,JM Dynamic Bond Fund (Regular) - Monthly IDCW,jm dynamic bond fund monthly,1.0,False,True,False,True,Regular IDCW,,,
136434,SBI DEBT FUND SERIES B - 33 (1131 DAYS) - REGULAR PLAN - DIVIDEND PAYOUT,INF200KA1IG0,SBI DEBT FUND SERIES B - 33 (1131 DAYS) - REGULAR PLAN - DIVIDEND PAYOUT,debt fund series b 33 1131 days,1.0,False,True,False,True,Regular IDCW,,,
129752,DWS Hybrid Fixed Term Fund - Series 22 - REGULAR PLAN -REGULAR DIVIDEND,INF223J011C4,DWS Hybrid Fixed Term Fund - Series 22 - REGULAR PLAN -REGULAR DIVIDEND,dws hybrid fixed term fund series 22,1.0,False,True,False,True,Regular IDCW,,,
143624,Kotak FMP Series 228- Regular Plan  -Payout of Income Distribution cum capital withdrawal Option,INF174K014Y8,Kotak FMP Series 228- Regular Plan  -Payout of Income Distribution cum capital withdrawal Option,fmp series 228 of income distribution cum capital withdrawal,1.0,False,True,False,True,Regular IDCW,,,
124301,Sundaram Fixed Term Plan DZ Regular Plan Half Yearly Dividend Payout,INF903J017U0,Sundaram Fixed Term Plan DZ Regular Plan Half Yearly Dividend Payout,fixed term dz half yearly,1.0,False,True,False,True,Regular IDCW,,,
125240,SBI DEBT FUND SERIES - 90 DAYS - 80 - REGULAR PLAN - DIVIDEND,INF200K01F32,SBI DEBT FUND SERIES - 90 DAYS - 80 - REGULAR PLAN - DIVIDEND,debt fund series 90 days 80,1.0,False,True,False,True,Regular IDCW,,,
147457,Groww Overnight Fund (formerly known as Indiabulls Overnight Fund)- Regular Plan- Fortnightly - Income Distribution cum capital withdrawal Option (Payout & Reinvestment),INF666M01GX3,Groww Overnight Fund (formerly known as Indiabulls Overnight Fund)- Regular Plan- Fortnightly - Income Distribution cum capital withdrawal Option (Payout & Reinvestment),groww overnight fund formerly known as indiabulls overnight fund fortnightly income distribution cum capital withdrawal &,1.0,False,True,False,True,Regular IDCW,,,
134424,L&T Triple Ace Bond Fund - Regular Plan - Annual IDCW,INF917K01WB7,L&T Triple Ace Bond Fund - Regular Plan - Annual IDCW,l&t triple ace bond fund annual,1.0,False,True,False,True,Regular IDCW,,,
153631,Groww Nifty India Internet ETF FOF - Regular - IDCW,INF666M01LG8,Groww Nifty India Internet ETF FOF - Regular - IDCW,groww nifty india internet etf fof,1.0,False,True,False,True,Regular IDCW,,,
141250,Union Largecap Fund - Regular Plan - IDCW Option,INF582M01CR3,Union Largecap Fund - Regular Plan - IDCW Option,union largecap fund,1.0,False,True,False,True,Regular IDCW,,,
154213,Capitalmind Multi Asset Allocation Fund-Regular-IDCW,INF226401091,Capitalmind Multi Asset Allocation Fund-Regular-IDCW,capitalmind multi asset allocation fund,1.0,False,True,False,True,Regular IDCW,,,
111438,Taurus Ultra Short Term Bond  Fund - Retail Weekly Dividend Option  #,,Taurus Ultra Short Term Bond  Fund - Retail Weekly Dividend Option  #,taurus ultra short term bond fund weekly #,1.0,False,True,False,True,Regular IDCW,,,
139755,HDFC DAF - lll - 1304D August 2016 - Regular Option - Dividend Option,INF179KB1UE6,HDFC DAF - lll - 1304D August 2016 - Regular Option - Dividend Option,daf lll 1304d august 2016,1.0,False,True,False,True,Regular IDCW,,,
113222,CANARA ROBECO LARGE CAP FUND - REGULAR PLAN - IDCW (Payout/Reinvestment),INF760K01AS1,CANARA ROBECO LARGE CAP FUND - REGULAR PLAN - IDCW (Payout/Reinvestment),canara robeco large cap fund payout/reinvestment,1.0,False,True,False,True,Regular IDCW,,,
148403,Mirae Asset Arbitrage Fund Regular IDCW,INF769K01FO0,Mirae Asset Arbitrage Fund Regular IDCW,arbitrage fund,1.0,False,True,False,True,Regular IDCW,,,
112081,Canara Robeco Short Term Fund- Regular Plan - Weekly Dividend,,Canara Robeco Short Term Fund- Regular Plan - Weekly Dividend,canara robeco short term fund weekly,1.0,False,True,False,True,Regular IDCW,,,
131284,HDFC FMP 1134D September 2014 (1) - Regular Option - Quarterly Dividend Option,INF179KA1XO0,HDFC FMP 1134D September 2014 (1) - Regular Option - Quarterly Dividend Option,fmp 1134d september 2014 1 quarterly,1.0,False,True,False,True,Regular IDCW,,,
111713,BANK OF INDIA Conservative Hybrid Fund-Regular Plan-Quarterly IDCW,INF761K01504,BANK OF INDIA Conservative Hybrid Fund-Regular Plan-Quarterly IDCW,bank of india conservative hybrid fund quarterly,1.0,False,True,False,True,Regular IDCW,,,
124260,JPMorgan India Fixed Maturity Plan - Series 28 - Regular Plan - Dividend Option,,JPMorgan India Fixed Maturity Plan - Series 28 - Regular Plan - Dividend Option,jpmorgan india fixed maturity series 28,1.0,False,True,False,True,Regular IDCW,,,
