request_start_date,request_end_date,attempt_count,HTTP_status,content_type,download_status,raw_file_path,SHA256_checksum,raw_row_count,parsed_row_count,minimum_parsed_date,maximum_parsed_date,failure_reason
2013-01-01,2013-03-31,0,200,text/plain,cached,/Users/kirannarendran/Desktop/AntigravityTest/MfApp/mf_5y_persistence/data/raw/amfi/2013/2013-01-01_to_2013-03-31.txt,8587d421cb5d7ba93e49f9186fb5a53285df182e96c0d006feb13c619bc7176f,424454,422115,2013-01-01,2013-03-31,
2013-04-01,2013-06-29,0,200,text/plain,cached,/Users/kirannarendran/Desktop/AntigravityTest/MfApp/mf_5y_persistence/data/raw/amfi/2013/2013-04-01_to_2013-06-29.txt,84d324ea0ca2af6c407275d8dc7de4fbae1ad7b08ede1534a15f279b736afa08,456881,454736,2013-04-01,2013-06-29,
2013-06-30,2013-09-27,0,200,text/plain,cached,/Users/kirannarendran/Desktop/AntigravityTest/MfApp/mf_5y_persistence/data/raw/amfi/2013/2013-06-30_to_2013-09-27.txt,f3ad778d7925df2abe7ae503fb39ed279890d388cc56ee8594dad8e3c2936080,479718,477498,2013-06-30,2013-09-27,
2013-09-28,2013-12-26,0,200,text/plain,cached,/Users/kirannarendran/Desktop/AntigravityTest/MfApp/mf_5y_persistence/data/raw/amfi/2013/2013-09-28_to_2013-12-26.txt,b5e79d086ab593ea3831d45eec8d621ab3451866c4e080df671d997e39c566bd,528752,526429,2013-09-28,2013-12-26,
2013-12-27,2014-03-26,0,200,text/plain,cached,/Users/kirannarendran/Desktop/AntigravityTest/MfApp/mf_5y_persistence/data/raw/amfi/2013/2013-12-27_to_2014-03-26.txt,f10e68c0e61ee71bdbac1bc4eda2fe5eeee9903aebf34a8566ca06d70b7a17ed,590337,587835,2013-12-27,2014-03-26,
2014-03-27,2014-06-24,0,200,text/plain,cached,/Users/kirannarendran/Desktop/AntigravityTest/MfApp/mf_5y_persistence/data/raw/amfi/2014/2014-03-27_to_2014-06-24.txt,281ce163ec0fc2c5b4a6110ef51ab94dd993b483fe010f54fe23aa426391d560,612953,610242,2014-03-27,2014-06-24,
2014-06-25,2014-09-22,0,200,text/plain,cached,/Users/kirannarendran/Desktop/AntigravityTest/MfApp/mf_5y_persistence/data/raw/amfi/2014/2014-06-25_to_2014-09-22.txt,a9f8b3d1526197921af1b6ac5850d88e0cb474d1d3ff570be3d58697c792b8b9,656238,653235,2014-06-25,2014-09-22,
2014-09-23,2014-12-21,0,200,text/plain,cached,/Users/kirannarendran/Desktop/AntigravityTest/MfApp/mf_5y_persistence/data/raw/amfi/2014/2014-09-23_to_2014-12-21.txt,980d5304896006c2f3aba092f51722053543fc73fbafe6c70b73bce835db0b44,626590,622593,2014-09-23,2014-12-21,
2014-12-22,2015-03-21,0,200,text/plain,cached,/Users/kirannarendran/Desktop/AntigravityTest/MfApp/mf_5y_persistence/data/raw/amfi/2014/2014-12-22_to_2015-03-21.txt,b24898d6e7e3cbc57d1c7e89cea0f7def291340c1a60ac78dd6b9ec19aeca412,673974,669582,2014-12-22,2015-03-21,
2015-03-22,2015-06-19,0,200,text/plain,cached,/Users/kirannarendran/Desktop/AntigravityTest/MfApp/mf_5y_persistence/data/raw/amfi/2015/2015-03-22_to_2015-06-19.txt,0399a7cdd8554f62bcee679be3a49a5e73c35bca40591b38bddbf151a65c62cb,659415,654010,2015-03-22,2015-06-19,
2015-06-20,2015-09-17,0,200,text/plain,cached,/Users/kirannarendran/Desktop/AntigravityTest/MfApp/mf_5y_persistence/data/raw/amfi/2015/2015-06-20_to_2015-09-17.txt,a31f8c5d825af7983de73da40cd510972392eb800c4c5391b247dac86badd183,694371,688413,2015-06-20,2015-09-17,
2015-09-18,2015-12-16,0,200,text/plain,cached,/Users/kirannarendran/Desktop/AntigravityTest/MfApp/mf_5y_persistence/data/raw/amfi/2015/2015-09-18_to_2015-12-16.txt,b4e4d4fbc309a28a030c16bea016da163d388bc725330e311fa97bb1cedb4028,660720,654757,2015-09-18,2015-12-16,
2015-12-17,2016-03-15,0,200,text/plain,cached,/Users/kirannarendran/Desktop/AntigravityTest/MfApp/mf_5y_persistence/data/raw/amfi/2015/2015-12-17_to_2016-03-15.txt,db0dfd77e551d5f702456e4aaf7acaed83672086ef0cd77e99ffc8e709b4bf84,685867,679876,2015-12-17,2016-03-15,
2016-03-16,2016-06-13,0,200,text/plain,cached,/Users/kirannarendran/Desktop/AntigravityTest/MfApp/mf_5y_persistence/data/raw/amfi/2016/2016-03-16_to_2016-06-13.txt,07a8a6e7ac52cf667d3f178ce7af3eab2c2db81d091efc0f3a607d2d490067d4,676562,670535,2016-03-16,2016-06-13,
2016-06-14,2016-09-11,0,200,text/plain,cached,/Users/kirannarendran/Desktop/AntigravityTest/MfApp/mf_5y_persistence/data/raw/amfi/2016/2016-06-14_to_2016-09-11.txt,239f5ffa3b64201e70d5e3e46cf9f1a4bfc50af1e768933b3ba26c147821647d,710894,704911,2016-06-14,2016-09-11,
2016-09-12,2016-12-10,0,200,text/plain,cached,/Users/kirannarendran/Desktop/AntigravityTest/MfApp/mf_5y_persistence/data/raw/amfi/2016/2016-09-12_to_2016-12-10.txt,f1207c568ab6f56baaf52a5161645bb6b4e0956ec32fd3208387d82a14e19d7d,687556,682488,2016-09-12,2016-12-10,
2016-12-11,2017-03-10,0,200,text/plain,cached,/Users/kirannarendran/Desktop/AntigravityTest/MfApp/mf_5y_persistence/data/raw/amfi/2016/2016-12-11_to_2017-03-10.txt,75528d534dffb69836d39b4b68fe33c8a867ed719ccb92417af29f16e097ac1e,685339,680881,2016-12-11,2017-03-10,
2017-03-11,2017-06-08,0,200,text/plain,cached,/Users/kirannarendran/Desktop/AntigravityTest/MfApp/mf_5y_persistence/data/raw/amfi/2017/2017-03-11_to_2017-06-08.txt,0a89b24461936c75f1bafe5224625773f322c63e1d17d345e375d425e87e1422,644086,639545,2017-03-11,2017-06-08,
2017-06-09,2017-09-06,0,200,text/plain,cached,/Users/kirannarendran/Desktop/AntigravityTest/MfApp/mf_5y_persistence/data/raw/amfi/2017/2017-06-09_to_2017-09-06.txt,6f53fc07eb5439c777def46b74b591c1792efb95ced1e5df69b90207167b4483,635694,630323,2017-06-09,2017-09-06,
2017-09-07,2017-12-05,0,200,text/plain,cached,/Users/kirannarendran/Desktop/AntigravityTest/MfApp/mf_5y_persistence/data/raw/amfi/2017/2017-09-07_to_2017-12-05.txt,2b56afb97df30746fd9c808a8a8a9aabeec9ed4125841a08cfa4d1f437d729ce,603912,602220,2017-09-07,2017-12-05,
2017-12-06,2018-03-05,0,200,text/plain,cached,/Users/kirannarendran/Desktop/AntigravityTest/MfApp/mf_5y_persistence/data/raw/amfi/2017/2017-12-06_to_2018-03-05.txt,b3200d3e5f1ddf8305788d68c3e2836feaffa6cf9c66926ee90e9f96d2ea8ad7,584140,582451,2017-12-06,2018-03-05,
2018-03-06,2018-06-03,0,200,text/plain,cached,/Users/kirannarendran/Desktop/AntigravityTest/MfApp/mf_5y_persistence/data/raw/amfi/2018/2018-03-06_to_2018-06-03.txt,55d417c4d815dbbb0729cb44edfb127745fff1a9b86c456d949feca0826b9eb0,593957,592257,2018-03-06,2018-06-03,
2018-06-04,2018-09-01,0,200,text/plain,cached,/Users/kirannarendran/Desktop/AntigravityTest/MfApp/mf_5y_persistence/data/raw/amfi/2018/2018-06-04_to_2018-09-01.txt,7d58d8a3f9135e66226ec0b040afb65615d9f42cb3ab872b8d72c63193f63ed9,609592,607922,2018-06-04,2018-09-01,
2018-09-02,2018-11-30,0,200,text/plain,cached,/Users/kirannarendran/Desktop/AntigravityTest/MfApp/mf_5y_persistence/data/raw/amfi/2018/2018-09-02_to_2018-11-30.txt,5c7d43e70f76af4497fe9f7893eeb3ff959c5d9c9b6a3788dc0822b234905935,582853,581143,2018-09-02,2018-11-30,
2018-12-01,2019-02-28,0,200,text/plain,cached,/Users/kirannarendran/Desktop/AntigravityTest/MfApp/mf_5y_persistence/data/raw/amfi/2018/2018-12-01_to_2019-02-28.txt,6b3efe4014deb80f6961f8c0e75af1252a0495865483966d7382aad34b8ef154,646755,644991,2018-12-01,2019-02-28,
2019-03-01,2019-05-29,0,200,text/plain,cached,/Users/kirannarendran/Desktop/AntigravityTest/MfApp/mf_5y_persistence/data/raw/amfi/2019/2019-03-01_to_2019-05-29.txt,728ed75bc86ab6db068506976871dad253c14f429d527a315139d34444240272,616211,614413,2019-03-01,2019-05-29,
2019-05-30,2019-08-27,0,200,text/plain,cached,/Users/kirannarendran/Desktop/AntigravityTest/MfApp/mf_5y_persistence/data/raw/amfi/2019/2019-05-30_to_2019-08-27.txt,ea6fa68a93c2c79961fc33d2d4fd01dc703e4b74b5523683e6434aec665f8079,641116,639299,2019-05-30,2019-08-27,
2019-08-28,2019-11-25,0,200,text/plain,cached,/Users/kirannarendran/Desktop/AntigravityTest/MfApp/mf_5y_persistence/data/raw/amfi/2019/2019-08-28_to_2019-11-25.txt,b9e55435d28689e570e405576762c797cde481ad8d93d5275bf62a8cab8307b3,596729,594901,2019-08-28,2019-11-25,
2019-11-26,2020-02-23,0,200,text/plain,cached,/Users/kirannarendran/Desktop/AntigravityTest/MfApp/mf_5y_persistence/data/raw/amfi/2019/2019-11-26_to_2020-02-23.txt,751644f577af33a91435d0a260c3368f4b0ae414579574595c7bcce0146f5832,641705,639858,2019-11-26,2020-02-23,
2020-02-24,2020-05-23,0,200,text/plain,cached,/Users/kirannarendran/Desktop/AntigravityTest/MfApp/mf_5y_persistence/data/raw/amfi/2020/2020-02-24_to_2020-05-23.txt,620c890a18ef53e8e09d1877e6e859fc6f76de5fa2b7a30d0ab1c9951a6f76ba,607078,605223,2020-02-24,2020-05-23,
2020-05-24,2020-08-21,0,200,text/plain,cached,/Users/kirannarendran/Desktop/AntigravityTest/MfApp/mf_5y_persistence/data/raw/amfi/2020/2020-05-24_to_2020-08-21.txt,876a3c4bbcaff45a153d61c0b48bea4165c60c4deb6e7f88abfb395fdc437fe5,639792,637940,2020-05-24,2020-08-21,
2020-08-22,2020-11-19,0,200,text/plain,cached,/Users/kirannarendran/Desktop/AntigravityTest/MfApp/mf_5y_persistence/data/raw/amfi/2020/2020-08-22_to_2020-11-19.txt,fe83849ae0ae238a2d24e218c149d5873f381547949519ed3434f630e9468c40,597969,596089,2020-08-22,2020-11-19,
2020-11-20,2021-02-17,0,200,text/plain,cached,/Users/kirannarendran/Desktop/AntigravityTest/MfApp/mf_5y_persistence/data/raw/amfi/2020/2020-11-20_to_2021-02-17.txt,d5e04dc072189dfdf8489c8944d7379dbf3dbd99faf9263a0763aa9c2d0587b5,590285,588401,2020-11-20,2021-02-17,
2021-02-18,2021-05-18,0,200,text/plain,cached,/Users/kirannarendran/Desktop/AntigravityTest/MfApp/mf_5y_persistence/data/raw/amfi/2021/2021-02-18_to_2021-05-18.txt,ebbf204d4ecb0fb288b079bb70758d1955c494cb19bf2bb4204bc6e646cd5f3f,540520,538619,2021-02-18,2021-05-18,
2021-05-19,2021-08-16,0,200,text/plain,cached,/Users/kirannarendran/Desktop/AntigravityTest/MfApp/mf_5y_persistence/data/raw/amfi/2021/2021-05-19_to_2021-08-16.txt,d8bc3905c108b814e15e8c3fa8cd6dd512420189b2badcc2adaab20bfeb382a6,544739,542821,2021-05-19,2021-08-16,
2021-08-17,2021-11-14,0,200,text/plain,cached,/Users/kirannarendran/Desktop/AntigravityTest/MfApp/mf_5y_persistence/data/raw/amfi/2021/2021-08-17_to_2021-11-14.txt,d09945166de380d668cff12fb8ed2e8029e0f7b29374957c521a0d8f1113edbc,493548,491608,2021-08-17,2021-11-14,
2021-11-15,2022-02-12,0,200,text/plain,cached,/Users/kirannarendran/Desktop/AntigravityTest/MfApp/mf_5y_persistence/data/raw/amfi/2021/2021-11-15_to_2022-02-12.txt,938e303ac9c0900213a46b1f80d4effb4da34d773dc48bfa0e8e1ddd66e8e14c,514114,512157,2021-11-15,2022-02-12,
2022-02-13,2022-05-13,0,200,text/plain,cached,/Users/kirannarendran/Desktop/AntigravityTest/MfApp/mf_5y_persistence/data/raw/amfi/2022/2022-02-13_to_2022-05-13.txt,11f8f07e6317733502279a3369160976757ec4b189579acc07ddbfabb6bf7315,481071,479135,2022-02-13,2022-05-13,
2022-05-14,2022-08-11,0,200,text/plain,cached,/Users/kirannarendran/Desktop/AntigravityTest/MfApp/mf_5y_persistence/data/raw/amfi/2022/2022-05-14_to_2022-08-11.txt,39ec6cf1dcc090d62cd396b4b9d6f73fb9ef82efbb1dac03ee72a00470d6783d,454839,452941,2022-05-14,2022-08-11,
2022-08-12,2022-11-09,0,200,text/plain,cached,/Users/kirannarendran/Desktop/AntigravityTest/MfApp/mf_5y_persistence/data/raw/amfi/2022/2022-08-12_to_2022-11-09.txt,86cbf632df82217847434dad551c78a374b7d03365140bf15fdfeea504720c5e,421617,419694,2022-08-12,2022-11-09,
2022-11-10,2023-02-07,0,200,text/plain,cached,/Users/kirannarendran/Desktop/AntigravityTest/MfApp/mf_5y_persistence/data/raw/amfi/2022/2022-11-10_to_2023-02-07.txt,f5fee6d8ad01a56258b5c5d41aef0fe02f75820c158fa3e18d84abd19d95de6d,460851,458874,2022-11-10,2023-02-07,
2023-02-08,2023-05-08,0,200,text/plain,cached,/Users/kirannarendran/Desktop/AntigravityTest/MfApp/mf_5y_persistence/data/raw/amfi/2023/2023-02-08_to_2023-05-08.txt,39d372620bd7917567d8b9e98b5fef641026fd6c490fd92e5d04c031db22a87b,436835,434885,2023-02-08,2023-05-08,
2023-05-09,2023-08-06,0,200,text/plain,cached,/Users/kirannarendran/Desktop/AntigravityTest/MfApp/mf_5y_persistence/data/raw/amfi/2023/2023-05-09_to_2023-08-06.txt,e3b8b94f386b45104cddafc1df0864af89adede2371059960d61e892e84fcbc9,475026,473038,2023-05-09,2023-08-06,
2023-08-07,2023-11-04,0,200,text/plain,cached,/Users/kirannarendran/Desktop/AntigravityTest/MfApp/mf_5y_persistence/data/raw/amfi/2023/2023-08-07_to_2023-11-04.txt,89c51178dfdeee450b0f134b05e2774c11d649070a75ffc64a55b60c3cfc6912,452561,450565,2023-08-07,2023-11-04,
2023-11-05,2024-02-02,0,200,text/plain,cached,/Users/kirannarendran/Desktop/AntigravityTest/MfApp/mf_5y_persistence/data/raw/amfi/2023/2023-11-05_to_2024-02-02.txt,6f8f9629aaa7703fc192a8c7fe03edff08d5036cebd3bef6c94b51cabe455694,460522,458504,2023-11-05,2024-02-02,
2024-02-03,2024-05-02,0,200,text/plain,cached,/Users/kirannarendran/Desktop/AntigravityTest/MfApp/mf_5y_persistence/data/raw/amfi/2024/2024-02-03_to_2024-05-02.txt,9c74d27d98049ba472cdf493c7900b67b5c38039a5f90f4504d667fbfb18a2ba,454272,452225,2024-02-03,2024-05-02,
2024-05-03,2024-07-31,0,200,text/plain,cached,/Users/kirannarendran/Desktop/AntigravityTest/MfApp/mf_5y_persistence/data/raw/amfi/2024/2024-05-03_to_2024-07-31.txt,9b19d2916a08a8fd3aed074f8c6036e1e6877d29f0adcc2eb24b8cf8943e1af2,481121,479058,2024-05-03,2024-07-31,
2024-08-01,2024-10-29,0,200,text/plain,cached,/Users/kirannarendran/Desktop/AntigravityTest/MfApp/mf_5y_persistence/data/raw/amfi/2024/2024-08-01_to_2024-10-29.txt,ab79809c259e7951b47e2f8ce5918f0612547e3e13447b66d37197eeff6b99cb,495962,493875,2024-08-01,2024-10-29,
2024-10-30,2025-01-27,0,200,text/plain,cached,/Users/kirannarendran/Desktop/AntigravityTest/MfApp/mf_5y_persistence/data/raw/amfi/2024/2024-10-30_to_2025-01-27.txt,99768fb5a123ef0bec4d57471b22d99796cb085cbef37875fb66b17f55b2e27b,496998,494881,2024-10-30,2025-01-27,
2025-01-28,2025-04-27,0,200,text/plain,cached,/Users/kirannarendran/Desktop/AntigravityTest/MfApp/mf_5y_persistence/data/raw/amfi/2025/2025-01-28_to_2025-04-27.txt,966d99bcd3f73a81906b3dae99f09e51f4e9d677921938cb26e581f27d0ae19e,493503,491350,2025-01-28,2025-04-27,
2025-04-28,2025-07-26,0,200,text/plain,cached,/Users/kirannarendran/Desktop/AntigravityTest/MfApp/mf_5y_persistence/data/raw/amfi/2025/2025-04-28_to_2025-07-26.txt,bc9840221c12748f991ca899e6b1c61c1ef6e36eb454519f9e641e45afabc0b3,539986,537810,2025-04-28,2025-07-26,
2025-07-27,2025-10-24,0,200,text/plain,cached,/Users/kirannarendran/Desktop/AntigravityTest/MfApp/mf_5y_persistence/data/raw/amfi/2025/2025-07-27_to_2025-10-24.txt,624309e0394140f9da1a4e7fad7d3783c9d79216bba450a3f3dafd66d165e5da,521621,519413,2025-07-27,2025-10-24,
2025-10-25,2026-01-22,0,200,text/plain,cached,/Users/kirannarendran/Desktop/AntigravityTest/MfApp/mf_5y_persistence/data/raw/amfi/2025/2025-10-25_to_2026-01-22.txt,df2aeef6930a70ed9001c132659e27460ff71ec3823c3ec8eeb4df05c0aa721b,541145,538905,2025-10-25,2026-01-22,
2026-01-23,2026-04-22,0,200,text/plain,cached,/Users/kirannarendran/Desktop/AntigravityTest/MfApp/mf_5y_persistence/data/raw/amfi/2026/2026-01-23_to_2026-04-22.txt,bdf0c0d93f34cc460c5dbf869a7fb5500650e82ba75a0bab570fd6aca48adf9e,527310,525032,2026-01-23,2026-04-22,
2026-04-23,2026-07-14,0,200,text/plain,cached,/Users/kirannarendran/Desktop/AntigravityTest/MfApp/mf_5y_persistence/data/raw/amfi/2026/2026-04-23_to_2026-07-11.txt,02f5816d7a696760ecd4f1b69702eacf8378552cc1bf5978b143a9ee959b7c2c,483384,481097,2026-04-23,2026-07-11,
